ISO-10303-21;
HEADER;
FILE_DESCRIPTION (( 'STEP AP214' ),
    '1' );
FILE_NAME ('SP0502BAHTG.STEP',
    '2021-07-17T04:47:47',
    ( '' ),
    ( '' ),
    'SwSTEP 2.0',
    'SolidWorks 2018',
    '' );
FILE_SCHEMA (( 'AUTOMOTIVE_DESIGN' ));
ENDSEC;

DATA;
#1 = VECTOR ( 'NONE', #2613, 1000.000000000000000 ) ;
#2 = CARTESIAN_POINT ( 'NONE',  ( 0.4425756429116803892, 0.5100000000000000089, -0.2909085144369362164 ) ) ;
#3 =( NAMED_UNIT ( * ) SI_UNIT ( $, .STERADIAN. ) SOLID_ANGLE_UNIT ( ) );
#4 = LINE ( 'NONE', #516, #174 ) ;
#5 = CARTESIAN_POINT ( 'NONE',  ( 1.520000000000000684, -0.1000000000000000472, -0.7000000000000002887 ) ) ;
#6 = FILL_AREA_STYLE ('',( #1094 ) ) ;
#7 = EDGE_CURVE ( 'NONE', #1142, #2214, #35, .T. ) ;
#8 = LINE ( 'NONE', #2248, #2130 ) ;
#9 = PRESENTATION_STYLE_ASSIGNMENT (( #914 ) ) ;
#10 = ORIENTED_EDGE ( 'NONE', *, *, #361, .F. ) ;
#11 = PRODUCT_DEFINITION_FORMATION_WITH_SPECIFIED_SOURCE ( 'ANY', '', #2043, .NOT_KNOWN. ) ;
#12 = CARTESIAN_POINT ( 'NONE',  ( 0.2974945705435698695, 0.5100000000000000089, -0.1102854186887212012 ) ) ;
#13 = MECHANICAL_DESIGN_GEOMETRIC_PRESENTATION_REPRESENTATION (  '', ( #2345 ), #158 ) ;
#14 = ORIENTED_EDGE ( 'NONE', *, *, #652, .F. ) ;
#15 = EDGE_LOOP ( 'NONE', ( #2015, #1628, #1364, #17 ) ) ;
#16 = VERTEX_POINT ( 'NONE', #1733 ) ;
#17 = ORIENTED_EDGE ( 'NONE', *, *, #2513, .F. ) ;
#18 = ORIENTED_EDGE ( 'NONE', *, *, #2257, .F. ) ;
#19 = CARTESIAN_POINT ( 'NONE',  ( 0.4874474377834782657, 0.5100000000000000089, -0.2129170614454798938 ) ) ;
#20 = UNCERTAINTY_MEASURE_WITH_UNIT (LENGTH_MEASURE( 1.000000000000000082E-05 ), #32, 'distance_accuracy_value', 'NONE');
#21 = LINE ( 'NONE', #789, #1183 ) ;
#22 = VECTOR ( 'NONE', #1596, 1000.000000000000000 ) ;
#23 = ORIENTED_EDGE ( 'NONE', *, *, #2180, .T. ) ;
#24 = LINE ( 'NONE', #720, #2021 ) ;
#25 = B_SPLINE_CURVE_WITH_KNOTS ( 'NONE', 3,
 ( #1312, #657, #236, #1726, #455 ),
 .UNSPECIFIED., .F., .F.,
 ( 4, 1, 4 ),
 ( 0.0000000000000000000, 0.4999999999999989453, 0.9999973103448276390 ),
 .UNSPECIFIED. ) ;
#26 = AXIS2_PLACEMENT_3D ( 'NONE', #2521, #1278, #2734 ) ;
#27 = MECHANICAL_DESIGN_GEOMETRIC_PRESENTATION_REPRESENTATION (  '', ( #2354 ), #177 ) ;
#28 = MECHANICAL_DESIGN_GEOMETRIC_PRESENTATION_REPRESENTATION (  '', ( #2355 ), #178 ) ;
#29 =( LENGTH_UNIT ( ) NAMED_UNIT ( * ) SI_UNIT ( .MILLI., .METRE. ) );
#30 = FACE_OUTER_BOUND ( 'NONE', #1853, .T. ) ;
#31 = SURFACE_SIDE_STYLE ('',( #2412 ) ) ;
#32 =( LENGTH_UNIT ( ) NAMED_UNIT ( * ) SI_UNIT ( .MILLI., .METRE. ) );
#33 = COLOUR_RGB ( '',0.2509803921568627416, 0.2509803921568627416, 0.2509803921568627416 ) ;
#34 = CARTESIAN_POINT ( 'NONE',  ( -1.520055000000000378, 0.1000000000000000056, 0.7000000000000000666 ) ) ;
#35 = B_SPLINE_CURVE_WITH_KNOTS ( 'NONE', 3,
 ( #143, #1683, #69, #336, #2207, #2483, #2496, #1445 ),
 .UNSPECIFIED., .F., .F.,
 ( 4, 1, 1, 1, 1, 4 ),
 ( 0.0000000000000000000, 0.1999999999999991507, 0.3999999999999991895, 0.5999999999999988676, 0.7999999999999989342, 0.9999985283018868465 ),
 .UNSPECIFIED. ) ;
#36 = UNCERTAINTY_MEASURE_WITH_UNIT (LENGTH_MEASURE( 1.000000000000000082E-05 ), #458, 'distance_accuracy_value', 'NONE');
#37 = FACE_OUTER_BOUND ( 'NONE', #2531, .T. ) ;
#38 = FACE_OUTER_BOUND ( 'NONE', #2439, .T. ) ;
#39 = SURFACE_STYLE_USAGE ( .BOTH. , #1337 ) ;
#40 = ADVANCED_FACE ( 'NONE', ( #2187 ), #2188, .F. ) ;
#41 = MECHANICAL_DESIGN_GEOMETRIC_PRESENTATION_REPRESENTATION (  '', ( #2368 ), #192 ) ;
#42 = EDGE_CURVE ( 'NONE', #460, #802, #131, .T. ) ;
#43 =( LENGTH_UNIT ( ) NAMED_UNIT ( * ) SI_UNIT ( .MILLI., .METRE. ) );
#44 = ORIENTED_EDGE ( 'NONE', *, *, #278, .F. ) ;
#45 = CARTESIAN_POINT ( 'NONE',  ( 0.6411934313732223778, 0.5100000000000000089, -0.06064008494974257313 ) ) ;
#46 = STYLED_ITEM ( 'NONE', ( #2603 ), #924 ) ;
#47 = VERTEX_POINT ( 'NONE', #680 ) ;
#48 = CARTESIAN_POINT ( 'NONE',  ( -0.5270757993960368815, 0.5100000000000000089, -0.2396264631548497837 ) ) ;
#49 = EDGE_LOOP ( 'NONE', ( #2205, #2415, #1884, #1602 ) ) ;
#50 = VERTEX_POINT ( 'NONE', #1098 ) ;
#51 = LINE ( 'NONE', #2229, #437 ) ;
#52 = VERTEX_POINT ( 'NONE', #110 ) ;
#53 = CARTESIAN_POINT ( 'NONE',  ( 0.3063068666375107774, 0.5100000000000000089, -0.04567600130198754688 ) ) ;
#54 = MANIFOLD_SOLID_BREP ( 'Mirror1', #489 ) ;
#55 = CARTESIAN_POINT ( 'NONE',  ( 0.0000000000000000000, -0.5100000000000000089, 0.0000000000000000000 ) ) ;
#56 = ADVANCED_FACE ( 'NONE', ( #1735 ), #1698, .F. ) ;
#57 = EDGE_CURVE ( 'NONE', #1375, #2741, #2336, .T. ) ;
#58 = EDGE_CURVE ( 'NONE', #2671, #2501, #1740, .T. ) ;
#59 = SURFACE_STYLE_FILL_AREA ( #2669 ) ;
#60 = CARTESIAN_POINT ( 'NONE',  ( 0.4874474377834795424, 0.5100000000000000089, -0.02808800161641385879 ) ) ;
#61 = LINE ( 'NONE', #332, #650 ) ;
#62 =( GEOMETRIC_REPRESENTATION_CONTEXT ( 3 ) GLOBAL_UNCERTAINTY_ASSIGNED_CONTEXT ( ( #1737 ) ) GLOBAL_UNIT_ASSIGNED_CONTEXT ( ( #1618, #337, #1817 ) ) REPRESENTATION_CONTEXT ( 'NONE', 'WORKASPACE' ) );
#63 = CARTESIAN_POINT ( 'NONE',  ( 0.1585211557322005749, 0.5100000000000000089, 0.05389316825537253386 ) ) ;
#64 = PRESENTATION_LAYER_ASSIGNMENT (  '', '', ( #2529 ) ) ;
#65 = CARTESIAN_POINT ( 'NONE',  ( 1.200000000000000178, -0.4100000000000001976, 1.240000000000000213 ) ) ;
#66 = CARTESIAN_POINT ( 'NONE',  ( -0.5882737160626838602, 0.5100000000000000089, -0.06654954007792490689 ) ) ;
#67 = PLANE ( 'NONE',  #1104 ) ;
#68 = LINE ( 'NONE', #2666, #1 ) ;
#69 = CARTESIAN_POINT ( 'NONE',  ( 0.08103718137322142578, 0.5100000000000000089, 0.2090914855630649771 ) ) ;
#70 = CARTESIAN_POINT ( 'NONE',  ( -1.520024500000000556, 0.1000000000000000056, 0.7000000000000000666 ) ) ;
#71 = ADVANCED_FACE ( 'NONE', ( #1627 ), #1816, .F. ) ;
#72 = FILL_AREA_STYLE ('',( #784 ) ) ;
#73 = EDGE_CURVE ( 'NONE', #295, #1279, #1271, .T. ) ;
#74 = ORIENTED_EDGE ( 'NONE', *, *, #2369, .F. ) ;
#75 = CARTESIAN_POINT ( 'NONE',  ( 0.7374474377834732142, 0.5100000000000000089, 0.06716440222975368635 ) ) ;
#76 = PLANE ( 'NONE',  #1562 ) ;
#77 = EDGE_LOOP ( 'NONE', ( #1109, #706, #1272, #2070 ) ) ;
#78 = VECTOR ( 'NONE', #947, 1000.000000000000000 ) ;
#79 = STYLED_ITEM ( 'NONE', ( #787 ), #2174 ) ;
#80 = STYLED_ITEM ( 'NONE', ( #1295 ), #1380 ) ;
#81 = EDGE_CURVE ( 'NONE', #2748, #736, #1880, .T. ) ;
#82 = ORIENTED_EDGE ( 'NONE', *, *, #57, .F. ) ;
#83 = EDGE_LOOP ( 'NONE', ( #400, #151, #2676, #632, #74, #1533 ) ) ;
#84 = CARTESIAN_POINT ( 'NONE',  ( -0.2043594532421548482, 0.5100000000000000089, 0.2219119983835746990 ) ) ;
#85 = EDGE_LOOP ( 'NONE', ( #374, #1210, #226, #2716 ) ) ;
#86 = ORIENTED_EDGE ( 'NONE', *, *, #1557, .T. ) ;
#87 = CARTESIAN_POINT ( 'NONE',  ( -0.6999999999999999556, -0.6100000000000002087, 0.9630788914346360974 ) ) ;
#88 = ADVANCED_FACE ( 'NONE', ( #1131 ), #2260, .F. ) ;
#89 = EDGE_LOOP ( 'NONE', ( #2346, #335, #1269, #666 ) ) ;
#90 =( NAMED_UNIT ( * ) PLANE_ANGLE_UNIT ( ) SI_UNIT ( $, .RADIAN. ) );
#91 = PRESENTATION_STYLE_ASSIGNMENT (( #2437 ) ) ;
#92 =( NAMED_UNIT ( * ) SI_UNIT ( $, .STERADIAN. ) SOLID_ANGLE_UNIT ( ) );
#93 = EDGE_LOOP ( 'NONE', ( #1671, #1101, #433, #1827 ) ) ;
#94 = UNCERTAINTY_MEASURE_WITH_UNIT (LENGTH_MEASURE( 1.000000000000000082E-05 ), #1757, 'distance_accuracy_value', 'NONE');
#95 = DIRECTION ( 'NONE',  ( -0.0000000000000000000, -0.0000000000000000000, 1.000000000000000000 ) ) ;
#96 = CARTESIAN_POINT ( 'NONE',  ( -0.5945838122165095774, 0.5100000000000000089, 0.1706299471015544633 ) ) ;
#97 = DIRECTION ( 'NONE',  ( 0.9848077530122092416, -0.1736481776669238086, 0.0000000000000000000 ) ) ;
#98 = FILL_AREA_STYLE_COLOUR ( '', #2358 ) ;
#99 = PRESENTATION_STYLE_ASSIGNMENT (( #2397 ) ) ;
#100 = EDGE_CURVE ( 'NONE', #1411, #2171, #1068, .T. ) ;
#101 = CARTESIAN_POINT ( 'NONE',  ( 1.519999999999999352, 0.5100000000000000089, 0.7000000000000000666 ) ) ;
#102 =( NAMED_UNIT ( * ) SI_UNIT ( $, .STERADIAN. ) SOLID_ANGLE_UNIT ( ) );
#103 = LINE ( 'NONE', #839, #1807 ) ;
#104 = DIRECTION ( 'NONE',  ( -0.0000000000000000000, 1.000000000000000000, 0.0000000000000000000 ) ) ;
#105 = STYLED_ITEM ( 'NONE', ( #2546 ), #1868 ) ;
#106 = FACE_OUTER_BOUND ( 'NONE', #77, .T. ) ;
#107 =( LENGTH_UNIT ( ) NAMED_UNIT ( * ) SI_UNIT ( .MILLI., .METRE. ) );
#108 = FILL_AREA_STYLE_COLOUR ( '', #880 ) ;
#109 = PLANE ( 'NONE',  #2122 ) ;
#110 = CARTESIAN_POINT ( 'NONE',  ( 0.6999999999999999556, -0.4100000000000001976, 1.090000000000000080 ) ) ;
#111 = SURFACE_STYLE_USAGE ( .BOTH. , #1409 ) ;
#112 =( NAMED_UNIT ( * ) SI_UNIT ( $, .STERADIAN. ) SOLID_ANGLE_UNIT ( ) );
#113 = COLOUR_RGB ( '',0.2509803921568627416, 0.2509803921568627416, 0.2509803921568627416 ) ;
#114 = ORIENTED_EDGE ( 'NONE', *, *, #750, .T. ) ;
#115 = CARTESIAN_POINT ( 'NONE',  ( 0.5175956749629671005, 0.5100000000000000089, -0.07937005289846592315 ) ) ;
#116 = CARTESIAN_POINT ( 'NONE',  ( -0.7422530738729040678, 0.5100000000000000089, 0.08088635735798783977 ) ) ;
#117 = ORIENTED_EDGE ( 'NONE', *, *, #2223, .F. ) ;
#118 = MECHANICAL_DESIGN_GEOMETRIC_PRESENTATION_REPRESENTATION (  '', ( #2449 ), #260 ) ;
#119 = AXIS2_PLACEMENT_3D ( 'NONE', #2426, #425, #1703 ) ;
#120 = AXIS2_PLACEMENT_3D ( 'NONE', #822, #2365, #2055 ) ;
#121 = ORIENTED_EDGE ( 'NONE', *, *, #2481, .T. ) ;
#122 = DIRECTION ( 'NONE',  ( -1.000000000000000000, -0.0000000000000000000, -0.0000000000000000000 ) ) ;
#123 = CARTESIAN_POINT ( 'NONE',  ( 0.6896409079217273863, 0.5100000000000000089, 0.08284575509115806036 ) ) ;
#124 = CARTESIAN_POINT ( 'NONE',  ( 0.0000000000000000000, 0.5100000000000000089, 0.0000000000000000000 ) ) ;
#125 = ORIENTED_EDGE ( 'NONE', *, *, #597, .F. ) ;
#126 = PRESENTATION_STYLE_ASSIGNMENT (( #1189 ) ) ;
#127 = CARTESIAN_POINT ( 'NONE',  ( 0.6104066558636761508, 0.5100000000000000089, -0.2374104777559856161 ) ) ;
#128 = CARTESIAN_POINT ( 'NONE',  ( 1.200000000000000178, 0.1000000000000001860, 0.7000000000000000666 ) ) ;
#129 = CARTESIAN_POINT ( 'NONE',  ( 0.2500000000000000000, -0.4100000000000001976, -1.090000000000000080 ) ) ;
#130 = UNCERTAINTY_MEASURE_WITH_UNIT (LENGTH_MEASURE( 1.000000000000000082E-05 ), #479, 'distance_accuracy_value', 'NONE');
#131 = LINE ( 'NONE', #2344, #2487 ) ;
#132 = FACE_OUTER_BOUND ( 'NONE', #2080, .T. ) ;
#133 = CARTESIAN_POINT ( 'NONE',  ( -0.3266551263190863308, 0.5100000000000000089, -0.04090851443692499617 ) ) ;
#134 = EDGE_CURVE ( 'NONE', #1883, #2633, #1038, .T. ) ;
#135 = CARTESIAN_POINT ( 'NONE',  ( -0.6166023752507373556, 0.5100000000000000089, -0.2177080603770618905 ) ) ;
#136 = CARTESIAN_POINT ( 'NONE',  ( -0.2043594532421548482, 0.5100000000000000089, 0.2219119983835746990 ) ) ;
#137 = CARTESIAN_POINT ( 'NONE',  ( 0.6107447134245037601, 0.5100000000000000089, -0.02217854648820374863 ) ) ;
#138 = CARTESIAN_POINT ( 'NONE',  ( 1.200000000000000178, -0.09999999999999982514, 0.7230788914346361063 ) ) ;
#139 = PRESENTATION_STYLE_ASSIGNMENT (( #2747 ) ) ;
#140 =( NAMED_UNIT ( * ) SI_UNIT ( $, .STERADIAN. ) SOLID_ANGLE_UNIT ( ) );
#141 = UNCERTAINTY_MEASURE_WITH_UNIT (LENGTH_MEASURE( 1.000000000000000082E-05 ), #333, 'distance_accuracy_value', 'NONE');
#142 = CARTESIAN_POINT ( 'NONE',  ( -1.200000000000000178, -0.09999999999999982514, 0.7000000000000000666 ) ) ;
#143 = CARTESIAN_POINT ( 'NONE',  ( 0.01308846342450540289, 0.5100000000000000089, 0.2090914855630634783 ) ) ;
#144 = ORIENTED_EDGE ( 'NONE', *, *, #58, .T. ) ;
#145 = SURFACE_STYLE_FILL_AREA ( #72 ) ;
#146 = SURFACE_STYLE_USAGE ( .BOTH. , #1448 ) ;
#147 = CARTESIAN_POINT ( 'NONE',  ( 0.4913538544501442340, 0.5100000000000000089, -0.2909085144369346621 ) ) ;
#148 = ORIENTED_EDGE ( 'NONE', *, *, #1583, .F. ) ;
#149 = ORIENTED_EDGE ( 'NONE', *, *, #1964, .F. ) ;
#150 = EDGE_CURVE ( 'NONE', #971, #2407, #594, .T. ) ;
#151 = ORIENTED_EDGE ( 'NONE', *, *, #2140, .F. ) ;
#152 = ORIENTED_EDGE ( 'NONE', *, *, #1117, .T. ) ;
#153 = CARTESIAN_POINT ( 'NONE',  ( 0.3345279285325548080, 0.5100000000000000089, -0.2334324720434093337 ) ) ;
#154 = CARTESIAN_POINT ( 'NONE',  ( -0.07896701740193685926, 0.5100000000000000089, 0.1629641593974438807 ) ) ;
#155 = VECTOR ( 'NONE', #990, 1000.000000000000000 ) ;
#156 = ORIENTED_EDGE ( 'NONE', *, *, #2123, .F. ) ;
#157 = PRODUCT_RELATED_PRODUCT_CATEGORY ( 'part', '', ( #2043 ) ) ;
#158 =( GEOMETRIC_REPRESENTATION_CONTEXT ( 3 ) GLOBAL_UNCERTAINTY_ASSIGNED_CONTEXT ( ( #723 ) ) GLOBAL_UNIT_ASSIGNED_CONTEXT ( ( #528, #359, #2191 ) ) REPRESENTATION_CONTEXT ( 'NONE', 'WORKASPACE' ) );
#159 = FILL_AREA_STYLE ('',( #587 ) ) ;
#160 = VERTEX_POINT ( 'NONE', #2168 ) ;
#161 = SURFACE_SIDE_STYLE ('',( #2493 ) ) ;
#162 = CARTESIAN_POINT ( 'NONE',  ( 0.2500000000000000000, -0.09999999999999982514, -0.7000000000000000666 ) ) ;
#163 = UNCERTAINTY_MEASURE_WITH_UNIT (LENGTH_MEASURE( 1.000000000000000082E-05 ), #2606, 'distance_accuracy_value', 'NONE');
#164 = SURFACE_SIDE_STYLE ('',( #2299 ) ) ;
#165 = ORIENTED_EDGE ( 'NONE', *, *, #1649, .T. ) ;
#166 = UNCERTAINTY_MEASURE_WITH_UNIT (LENGTH_MEASURE( 1.000000000000000082E-05 ), #373, 'distance_accuracy_value', 'NONE');
#167 = SURFACE_STYLE_USAGE ( .BOTH. , #1376 ) ;
#168 = CARTESIAN_POINT ( 'NONE',  ( 0.09484784419201264249, 0.5100000000000000089, -0.2275701363918668507 ) ) ;
#169 = VECTOR ( 'NONE', #918, 1000.000000000000000 ) ;
#170 = COLOUR_RGB ( '',0.2509803921568627416, 0.2509803921568627416, 0.2509803921568627416 ) ;
#171 = CARTESIAN_POINT ( 'NONE',  ( 0.6989858993219409955, 0.5100000000000000089, -0.1670102772574368066 ) ) ;
#172 = CARTESIAN_POINT ( 'NONE',  ( -0.07665512631908240337, 0.5100000000000000089, -0.04090851443693592493 ) ) ;
#173 = CARTESIAN_POINT ( 'NONE',  ( -1.200000000000000178, -0.4100000000000001976, 1.240000000000000213 ) ) ;
#174 = VECTOR ( 'NONE', #298, 1000.000000000000000 ) ;
#175 = PRESENTATION_LAYER_ASSIGNMENT (  '', '', ( #2643 ) ) ;
#176 = CARTESIAN_POINT ( 'NONE',  ( 0.6999999999999999556, -0.4100000000000001976, 1.240000000000000213 ) ) ;
#177 =( GEOMETRIC_REPRESENTATION_CONTEXT ( 3 ) GLOBAL_UNCERTAINTY_ASSIGNED_CONTEXT ( ( #2564 ) ) GLOBAL_UNIT_ASSIGNED_CONTEXT ( ( #2382, #1144, #2593 ) ) REPRESENTATION_CONTEXT ( 'NONE', 'WORKASPACE' ) );
#178 =( GEOMETRIC_REPRESENTATION_CONTEXT ( 3 ) GLOBAL_UNCERTAINTY_ASSIGNED_CONTEXT ( ( #130 ) ) GLOBAL_UNIT_ASSIGNED_CONTEXT ( ( #479, #214, #562 ) ) REPRESENTATION_CONTEXT ( 'NONE', 'WORKASPACE' ) );
#179 = B_SPLINE_CURVE_WITH_KNOTS ( 'NONE', 3,
 ( #926, #1969, #63, #1574, #281, #1769, #502 ),
 .UNSPECIFIED., .F., .F.,
 ( 4, 1, 1, 1, 4 ),
 ( 0.0000000000000000000, 0.2499999999999984734, 0.4999999999999975020, 0.7499999999999987788, 0.9999975837366864573 ),
 .UNSPECIFIED. ) ;
#180 =( NAMED_UNIT ( * ) PLANE_ANGLE_UNIT ( ) SI_UNIT ( $, .RADIAN. ) );
#181 = COLOUR_RGB ( '',0.6470588235294117974, 0.6196078431372549211, 0.5882352941176470784 ) ;
#182 = CARTESIAN_POINT ( 'NONE',  ( -0.4952646169842099821, 0.5100000000000000089, -0.1063919798769004943 ) ) ;
#183 = EDGE_LOOP ( 'NONE', ( #840, #2139, #2508, #2044 ) ) ;
#184 = DIRECTION ( 'NONE',  ( 0.0000000000000000000, 0.9048187022009942515, 0.4257970363298793082 ) ) ;
#185 = ORIENTED_EDGE ( 'NONE', *, *, #1915, .T. ) ;
#186 = EDGE_LOOP ( 'NONE', ( #367, #667, #1785, #1212 ) ) ;
#187 = FILL_AREA_STYLE_COLOUR ( '', #170 ) ;
#188 = ORIENTED_EDGE ( 'NONE', *, *, #81, .F. ) ;
#189 = FILL_AREA_STYLE ('',( #351 ) ) ;
#190 = CARTESIAN_POINT ( 'NONE',  ( 1.520002499999999479, -0.09999999999999999167, -0.7000000000000002887 ) ) ;
#191 = VERTEX_POINT ( 'NONE', #1867 ) ;
#192 =( GEOMETRIC_REPRESENTATION_CONTEXT ( 3 ) GLOBAL_UNCERTAINTY_ASSIGNED_CONTEXT ( ( #36 ) ) GLOBAL_UNIT_ASSIGNED_CONTEXT ( ( #458, #2514, #737 ) ) REPRESENTATION_CONTEXT ( 'NONE', 'WORKASPACE' ) );
#193 = EDGE_CURVE ( 'NONE', #2171, #1527, #629, .T. ) ;
#194 = VERTEX_POINT ( 'NONE', #2361 ) ;
#195 = CARTESIAN_POINT ( 'NONE',  ( -0.6999999999999999556, -0.09999999999999982514, 0.7000000000000000666 ) ) ;
#196 = AXIS2_PLACEMENT_3D ( 'NONE', #953, #2391, #2270 ) ;
#197 = B_SPLINE_CURVE_WITH_KNOTS ( 'NONE', 3,
 ( #2647, #2323, #1622, #975, #560, #317, #2623, #709 ),
 .UNSPECIFIED., .F., .F.,
 ( 4, 1, 1, 1, 1, 4 ),
 ( 0.0000000000000000000, 0.1990407376378063309, 0.3982960960054453547, 0.5984060103628421334, 0.7990834781820985722, 0.9999974178430172111 ),
 .UNSPECIFIED. ) ;
#199 = STYLED_ITEM ( 'NONE', ( #1152 ), #1993 ) ;
#198 = UNCERTAINTY_MEASURE_WITH_UNIT (LENGTH_MEASURE( 1.000000000000000082E-05 ), #2101, 'distance_accuracy_value', 'NONE');
#200 = CARTESIAN_POINT ( 'NONE',  ( -0.5801607352934584627, 0.5100000000000000089, -0.1178315913599752435 ) ) ;
#201 = CARTESIAN_POINT ( 'NONE',  ( -0.2500000000000000000, 0.1000000000000001860, -0.8500000000000000888 ) ) ;
#202 =( NAMED_UNIT ( * ) PLANE_ANGLE_UNIT ( ) SI_UNIT ( $, .RADIAN. ) );
#203 = CARTESIAN_POINT ( 'NONE',  ( 0.5175956749629671005, 0.5100000000000000089, -0.07937005289846592315 ) ) ;
#204 =( NAMED_UNIT ( * ) PLANE_ANGLE_UNIT ( ) SI_UNIT ( $, .RADIAN. ) );
#205 = SURFACE_STYLE_FILL_AREA ( #1646 ) ;
#206 = VECTOR ( 'NONE', #695, 1000.000000000000000 ) ;
#207 = CARTESIAN_POINT ( 'NONE',  ( -1.447705937909532947, -0.5100000000000000089, -0.7000000000000000666 ) ) ;
#208 = CARTESIAN_POINT ( 'NONE',  ( -0.4676807673447230806, 0.5100000000000000089, 0.04382706248616041744 ) ) ;
#209 = EDGE_CURVE ( 'NONE', #1979, #1327, #2009, .T. ) ;
#210 = EDGE_CURVE ( 'NONE', #1240, #2442, #2246, .T. ) ;
#211 = LINE ( 'NONE', #610, #1357 ) ;
#212 = VECTOR ( 'NONE', #807, 1000.000000000000000 ) ;
#213 = FILL_AREA_STYLE_COLOUR ( '', #2683 ) ;
#214 =( NAMED_UNIT ( * ) PLANE_ANGLE_UNIT ( ) SI_UNIT ( $, .RADIAN. ) );
#215 = MECHANICAL_DESIGN_GEOMETRIC_PRESENTATION_REPRESENTATION (  '', ( #2529 ), #369 ) ;
#216 = SURFACE_STYLE_FILL_AREA ( #1283 ) ;
#217 = VERTEX_POINT ( 'NONE', #797 ) ;
#218 = UNCERTAINTY_MEASURE_WITH_UNIT (LENGTH_MEASURE( 1.000000000000000082E-05 ), #1879, 'distance_accuracy_value', 'NONE');
#219 = CARTESIAN_POINT ( 'NONE',  ( 1.520000000000000684, 0.1000000000000000056, -0.7000000000000000666 ) ) ;
#220 = VERTEX_POINT ( 'NONE', #2089 ) ;
#221 = ORIENTED_EDGE ( 'NONE', *, *, #2617, .T. ) ;
#222 = ORIENTED_EDGE ( 'NONE', *, *, #1493, .T. ) ;
#223 = CARTESIAN_POINT ( 'NONE',  ( -0.3266551263190863308, 0.5100000000000000089, -0.04090851443692499617 ) ) ;
#224 = ORIENTED_EDGE ( 'NONE', *, *, #435, .F. ) ;
#225 = PRODUCT_DEFINITION_CONTEXT ( 'detailed design', #1894, 'design' ) ;
#226 = ORIENTED_EDGE ( 'NONE', *, *, #1717, .T. ) ;
#227 = SURFACE_STYLE_USAGE ( .BOTH. , #1516 ) ;
#228 = ORIENTED_EDGE ( 'NONE', *, *, #1558, .F. ) ;
#229 = SURFACE_STYLE_FILL_AREA ( #782 ) ;
#230 = ORIENTED_EDGE ( 'NONE', *, *, #193, .F. ) ;
#231 = AXIS2_PLACEMENT_3D ( 'NONE', #811, #2281, #1033 ) ;
#232 = AXIS2_PLACEMENT_3D ( 'NONE', #1452, #2728, #875 ) ;
#233 = EDGE_CURVE ( 'NONE', #2712, #2445, #1259, .T. ) ;
#234 = PRESENTATION_STYLE_ASSIGNMENT (( #1326 ) ) ;
#235 = COLOUR_RGB ( '',0.7921568627450980005, 0.8196078431372548767, 0.9333333333333333481 ) ;
#236 = CARTESIAN_POINT ( 'NONE',  ( 0.4874474377834775995, 0.5100000000000000089, 0.06486071633230743039 ) ) ;
#237 = DIRECTION ( 'NONE',  ( 1.000000000000000000, -0.0000000000000000000, -0.0000000000000000000 ) ) ;
#238 = FILL_AREA_STYLE_COLOUR ( '', #2454 ) ;
#239 = DIRECTION ( 'NONE',  ( 0.0000000000000000000, -1.000000000000000000, 0.0000000000000000000 ) ) ;
#240 = PRESENTATION_STYLE_ASSIGNMENT (( #1763 ) ) ;
#241 = EDGE_CURVE ( 'NONE', #2285, #370, #2204, .T. ) ;
#242 = PLANE ( 'NONE',  #2097 ) ;
#243 = CARTESIAN_POINT ( 'NONE',  ( -0.4228089724729277576, 0.5100000000000000089, 0.04573010735795115383 ) ) ;
#244 = STYLED_ITEM ( 'NONE', ( #2567 ), #718 ) ;
#245 = PRESENTATION_LAYER_ASSIGNMENT (  '', '', ( #105 ) ) ;
#246 = ORIENTED_EDGE ( 'NONE', *, *, #507, .F. ) ;
#247 = UNCERTAINTY_MEASURE_WITH_UNIT (LENGTH_MEASURE( 1.000000000000000082E-05 ), #43, 'distance_accuracy_value', 'NONE');
#248 = DIRECTION ( 'NONE',  ( -0.0000000000000000000, 1.000000000000000000, 0.0000000000000000000 ) ) ;
#249 =( NAMED_UNIT ( * ) SI_UNIT ( $, .STERADIAN. ) SOLID_ANGLE_UNIT ( ) );
#250 = VERTEX_POINT ( 'NONE', #743 ) ;
#251 = ORIENTED_EDGE ( 'NONE', *, *, #1314, .T. ) ;
#252 = CARTESIAN_POINT ( 'NONE',  ( 0.2500000000000000000, -0.4100000000000001976, -1.240000000000000213 ) ) ;
#253 = DIRECTION ( 'NONE',  ( 0.0000000000000000000, 0.0000000000000000000, -1.000000000000000000 ) ) ;
#254 =( NAMED_UNIT ( * ) SI_UNIT ( $, .STERADIAN. ) SOLID_ANGLE_UNIT ( ) );
#255 = ADVANCED_FACE ( 'NONE', ( #2698 ), #1888, .F. ) ;
#256 = ORIENTED_EDGE ( 'NONE', *, *, #2040, .F. ) ;
#257 = EDGE_CURVE ( 'NONE', #1075, #1375, #275, .T. ) ;
#258 = SURFACE_STYLE_USAGE ( .BOTH. , #2578 ) ;
#259 =( NAMED_UNIT ( * ) PLANE_ANGLE_UNIT ( ) SI_UNIT ( $, .RADIAN. ) );
#260 =( GEOMETRIC_REPRESENTATION_CONTEXT ( 3 ) GLOBAL_UNCERTAINTY_ASSIGNED_CONTEXT ( ( #588 ) ) GLOBAL_UNIT_ASSIGNED_CONTEXT ( ( #1549, #259, #1748 ) ) REPRESENTATION_CONTEXT ( 'NONE', 'WORKASPACE' ) );
#261 =( NAMED_UNIT ( * ) SI_UNIT ( $, .STERADIAN. ) SOLID_ANGLE_UNIT ( ) );
#262 = PRESENTATION_LAYER_ASSIGNMENT (  '', '', ( #2729 ) ) ;
#263 = CARTESIAN_POINT ( 'NONE',  ( -0.6999999999999999556, -0.4100000000000001976, 1.090000000000000080 ) ) ;
#264 = PRESENTATION_LAYER_ASSIGNMENT (  '', '', ( #2731 ) ) ;
#265 = FILL_AREA_STYLE_COLOUR ( '', #33 ) ;
#266 = SURFACE_STYLE_USAGE ( .BOTH. , #909 ) ;
#267 = PRESENTATION_STYLE_ASSIGNMENT (( #754 ) ) ;
#268 = COLOUR_RGB ( '',0.2509803921568627416, 0.2509803921568627416, 0.2509803921568627416 ) ;
#269 = CARTESIAN_POINT ( 'NONE',  ( 1.200000000000000178, -0.09999999999999982514, 0.7230788914346361063 ) ) ;
#270 = CARTESIAN_POINT ( 'NONE',  ( -0.4420397417037269516, 0.5100000000000000089, -0.2396264631548582769 ) ) ;
#271 = ADVANCED_FACE ( 'NONE', ( #1599 ), #1090, .F. ) ;
#272 = CARTESIAN_POINT ( 'NONE',  ( 0.3433899717472301272, 0.5100000000000000089, -0.1310331596372783791 ) ) ;
#273 = CARTESIAN_POINT ( 'NONE',  ( 0.2217263817901166667, 0.5100000000000000089, -0.3004914860020301282 ) ) ;
#274 =( NAMED_UNIT ( * ) SI_UNIT ( $, .STERADIAN. ) SOLID_ANGLE_UNIT ( ) );
#275 = B_SPLINE_CURVE_WITH_KNOTS ( 'NONE', 3,
 ( #1912, #2394, #1257, #1302, #1344 ),
 .UNSPECIFIED., .F., .F.,
 ( 4, 1, 4 ),
 ( 0.0000000000000000000, 0.5000000000000000000, 0.9999886470819705497 ),
 .UNSPECIFIED. ) ;
#276 = CARTESIAN_POINT ( 'NONE',  ( 0.4924053704757871963, 0.5100000000000000089, -0.02808800161641367144 ) ) ;
#277 = STYLED_ITEM ( 'NONE', ( #240 ), #1334 ) ;
#278 = EDGE_CURVE ( 'NONE', #836, #2738, #436, .T. ) ;
#279 = UNCERTAINTY_MEASURE_WITH_UNIT (LENGTH_MEASURE( 1.000000000000000082E-05 ), #1110, 'distance_accuracy_value', 'NONE');
#280 = VERTEX_POINT ( 'NONE', #1713 ) ;
#281 = CARTESIAN_POINT ( 'NONE',  ( 0.06156602752707100723, 0.5100000000000000089, 0.1573587131271665940 ) ) ;
#282 = CARTESIAN_POINT ( 'NONE',  ( -0.6999999999999999556, 0.0000000000000000000, 0.0000000000000000000 ) ) ;
#283 = VECTOR ( 'NONE', #932, 1000.000000000000000 ) ;
#284 = CARTESIAN_POINT ( 'NONE',  ( -0.4676807673447230806, 0.5100000000000000089, 0.04382706248616041744 ) ) ;
#285 = ORIENTED_EDGE ( 'NONE', *, *, #344, .F. ) ;
#286 = DIRECTION ( 'NONE',  ( -0.0000000000000000000, -0.0000000000000000000, -1.000000000000000000 ) ) ;
#287 = ADVANCED_FACE ( 'NONE', ( #671, #2538 ), #2330, .F. ) ;
#288 = ORIENTED_EDGE ( 'NONE', *, *, #982, .F. ) ;
#289 = ORIENTED_EDGE ( 'NONE', *, *, #652, .T. ) ;
#290 =( NAMED_UNIT ( * ) SI_UNIT ( $, .STERADIAN. ) SOLID_ANGLE_UNIT ( ) );
#291 = CARTESIAN_POINT ( 'NONE',  ( 0.2452599377834820682, 0.5100000000000000089, 0.02429581248614354899 ) ) ;
#292 = ORIENTED_EDGE ( 'NONE', *, *, #549, .T. ) ;
#293 = ORIENTED_EDGE ( 'NONE', *, *, #1407, .T. ) ;
#294 = PRESENTATION_STYLE_ASSIGNMENT (( #2109 ) ) ;
#295 = VERTEX_POINT ( 'NONE', #461 ) ;
#296 = DIRECTION ( 'NONE',  ( 0.0000000000000000000, -1.000000000000000000, 0.0000000000000000000 ) ) ;
#297 =( NAMED_UNIT ( * ) SI_UNIT ( $, .STERADIAN. ) SOLID_ANGLE_UNIT ( ) );
#298 = DIRECTION ( 'NONE',  ( 1.000000000000000000, -0.0000000000000000000, -0.0000000000000000000 ) ) ;
#299 = EDGE_LOOP ( 'NONE', ( #2244, #745, #984, #925 ) ) ;
#300 = VECTOR ( 'NONE', #891, 1000.000000000000000 ) ;
#301 = CARTESIAN_POINT ( 'NONE',  ( -0.6999999999999999556, 0.1000000000000001860, 0.7000000000000000666 ) ) ;
#302 = EDGE_CURVE ( 'NONE', #802, #1279, #2259, .T. ) ;
#303 = PRESENTATION_STYLE_ASSIGNMENT (( #2688 ) ) ;
#304 =( LENGTH_UNIT ( ) NAMED_UNIT ( * ) SI_UNIT ( .MILLI., .METRE. ) );
#305 = CARTESIAN_POINT ( 'NONE',  ( 0.5954758182334513039, 0.5100000000000000089, -0.07928373793297016636 ) ) ;
#306 = ADVANCED_FACE ( 'NONE', ( #1147 ), #675, .F. ) ;
#307 = UNCERTAINTY_MEASURE_WITH_UNIT (LENGTH_MEASURE( 1.000000000000000082E-05 ), #1119, 'distance_accuracy_value', 'NONE');
#308 = FILL_AREA_STYLE ('',( #1604 ) ) ;
#309 = CARTESIAN_POINT ( 'NONE',  ( -0.4775496437945880857, 0.5100000000000000089, 0.008528756521313742359 ) ) ;
#310 = DIRECTION ( 'NONE',  ( 1.000000000000000000, 0.0000000000000000000, 0.0000000000000000000 ) ) ;
#311 = CARTESIAN_POINT ( 'NONE',  ( -0.07665512631908240337, 0.5100000000000000089, -0.04090851443693592493 ) ) ;
#312 = FACE_OUTER_BOUND ( 'NONE', #696, .T. ) ;
#313 = CARTESIAN_POINT ( 'NONE',  ( -0.4251250506001667540, 0.5100000000000000089, 0.06889918273324138753 ) ) ;
#314 = CARTESIAN_POINT ( 'NONE',  ( 1.200000000000000178, -0.4100000000000001976, 1.240000000000000213 ) ) ;
#315 = FACE_BOUND ( 'NONE', #1306, .T. ) ;
#316 = CARTESIAN_POINT ( 'NONE',  ( -0.2500000000000000000, 0.1000000000000001860, -0.7000000000000000666 ) ) ;
#317 = CARTESIAN_POINT ( 'NONE',  ( -0.3699984415104559110, 0.5100000000000000089, -0.1107295080883049093 ) ) ;
#318 = DIRECTION ( 'NONE',  ( 1.000000000000000000, 0.0000000000000000000, 0.0000000000000000000 ) ) ;
#319 = VECTOR ( 'NONE', #1276, 1000.000000000000000 ) ;
#320 = CARTESIAN_POINT ( 'NONE',  ( -1.520055000000000378, 0.1000000000000001860, -0.7000000000000000666 ) ) ;
#321 = ORIENTED_EDGE ( 'NONE', *, *, #828, .F. ) ;
#322 =( LENGTH_UNIT ( ) NAMED_UNIT ( * ) SI_UNIT ( .MILLI., .METRE. ) );
#323 =( LENGTH_UNIT ( ) NAMED_UNIT ( * ) SI_UNIT ( .MILLI., .METRE. ) );
#324 = CARTESIAN_POINT ( 'NONE',  ( 1.520002499999999479, 0.1000000000000001860, -0.7000000000000000666 ) ) ;
#325 = ORIENTED_EDGE ( 'NONE', *, *, #2338, .F. ) ;
#326 = CARTESIAN_POINT ( 'NONE',  ( 0.7252763825780604856, 0.5100000000000000089, -0.01783609298803712218 ) ) ;
#327 = MECHANICAL_DESIGN_GEOMETRIC_PRESENTATION_REPRESENTATION (  '', ( #2643 ), #465 ) ;
#328 = DIRECTION ( 'NONE',  ( 0.1710878697460292419, 0.9702875252478162516, -0.1710878697460289366 ) ) ;
#329 = STYLED_ITEM ( 'NONE', ( #1354 ), #1556 ) ;
#330 = STYLED_ITEM ( 'NONE', ( #649 ), #56 ) ;
#331 = ORIENTED_EDGE ( 'NONE', *, *, #1583, .T. ) ;
#332 = CARTESIAN_POINT ( 'NONE',  ( 1.520000000000000684, -0.1000000000000000056, -0.7000000000000000666 ) ) ;
#333 =( LENGTH_UNIT ( ) NAMED_UNIT ( * ) SI_UNIT ( .MILLI., .METRE. ) );
#334 = ORIENTED_EDGE ( 'NONE', *, *, #1407, .F. ) ;
#335 = ORIENTED_EDGE ( 'NONE', *, *, #1177, .F. ) ;
#336 = CARTESIAN_POINT ( 'NONE',  ( 0.1489858993219375094, 0.5100000000000000089, 0.2090914855630670310 ) ) ;
#337 =( NAMED_UNIT ( * ) PLANE_ANGLE_UNIT ( ) SI_UNIT ( $, .RADIAN. ) );
#338 = ORIENTED_EDGE ( 'NONE', *, *, #961, .F. ) ;
#339 = VECTOR ( 'NONE', #728, 1000.000000000000114 ) ;
#340 = CARTESIAN_POINT ( 'NONE',  ( -1.520055000000000378, 0.5100000000000001199, -0.6277059379095324410 ) ) ;
#341 = SURFACE_SIDE_STYLE ('',( #589 ) ) ;
#342 = UNCERTAINTY_MEASURE_WITH_UNIT (LENGTH_MEASURE( 1.000000000000000082E-05 ), #354, 'distance_accuracy_value', 'NONE');
#343 = DIRECTION ( 'NONE',  ( 1.000000000000000000, -0.0000000000000000000, -0.0000000000000000000 ) ) ;
#344 = EDGE_CURVE ( 'NONE', #530, #2072, #1756, .T. ) ;
#345 = COLOUR_RGB ( '',0.6470588235294117974, 0.6196078431372549211, 0.5882352941176470784 ) ;
#346 = CARTESIAN_POINT ( 'NONE',  ( -0.03237525364970465780, 0.5100000000000000089, -0.01721094510191961344 ) ) ;
#347 = PLANE ( 'NONE',  #1368 ) ;
#348 = UNCERTAINTY_MEASURE_WITH_UNIT (LENGTH_MEASURE( 1.000000000000000082E-05 ), #1194, 'distance_accuracy_value', 'NONE');
#349 = B_SPLINE_CURVE_WITH_KNOTS ( 'NONE', 3,
 ( #1139, #2170, #1349, #53, #1563, #272, #1761 ),
 .UNSPECIFIED., .F., .F.,
 ( 4, 1, 1, 1, 4 ),
 ( 0.0000000000000000000, 0.2206391849801080107, 0.4412518474039073824, 0.6616296401204607713, 0.9999970740414199089 ),
 .UNSPECIFIED. ) ;
#350 = VECTOR ( 'NONE', #122, 1000.000000000000000 ) ;
#351 = FILL_AREA_STYLE_COLOUR ( '', #181 ) ;
#352 = PRESENTATION_LAYER_ASSIGNMENT (  '', '', ( #46 ) ) ;
#353 = AXIS2_PLACEMENT_3D ( 'NONE', #1401, #104, #1613 ) ;
#354 =( LENGTH_UNIT ( ) NAMED_UNIT ( * ) SI_UNIT ( .MILLI., .METRE. ) );
#355 = CARTESIAN_POINT ( 'NONE',  ( 0.6107447134245037601, 0.5100000000000000089, -0.02217854648820374863 ) ) ;
#356 = CARTESIAN_POINT ( 'NONE',  ( -0.03355835160207100432, 0.5100000000000000089, 0.02975392098053823015 ) ) ;
#357 = DIRECTION ( 'NONE',  ( 0.0000000000000000000, -0.0000000000000000000, -1.000000000000000000 ) ) ;
#358 = CARTESIAN_POINT ( 'NONE',  ( 0.6999999999999999556, -0.09999999999999982514, 0.7230788914346361063 ) ) ;
#359 =( NAMED_UNIT ( * ) PLANE_ANGLE_UNIT ( ) SI_UNIT ( $, .RADIAN. ) );
#360 = CARTESIAN_POINT ( 'NONE',  ( -0.3253123371240858042, 0.5100000000000000089, 0.02776225681647810986 ) ) ;
#361 = EDGE_CURVE ( 'NONE', #1168, #1135, #1512, .T. ) ;
#362 = UNCERTAINTY_MEASURE_WITH_UNIT (LENGTH_MEASURE( 1.000000000000000082E-05 ), #304, 'distance_accuracy_value', 'NONE');
#363 = VERTEX_POINT ( 'NONE', #2568 ) ;
#364 = DIRECTION ( 'NONE',  ( 0.0000000000000000000, 0.0000000000000000000, -1.000000000000000000 ) ) ;
#365 =( NAMED_UNIT ( * ) PLANE_ANGLE_UNIT ( ) SI_UNIT ( $, .RADIAN. ) );
#366 = EDGE_LOOP ( 'NONE', ( #14, #2419, #1315, #2471, #1367 ) ) ;
#367 = ORIENTED_EDGE ( 'NONE', *, *, #73, .T. ) ;
#368 = STYLED_ITEM ( 'NONE', ( #1378 ), #2614 ) ;
#369 =( GEOMETRIC_REPRESENTATION_CONTEXT ( 3 ) GLOBAL_UNCERTAINTY_ASSIGNED_CONTEXT ( ( #656 ) ) GLOBAL_UNIT_ASSIGNED_CONTEXT ( ( #902, #2457, #1852 ) ) REPRESENTATION_CONTEXT ( 'NONE', 'WORKASPACE' ) );
#370 = VERTEX_POINT ( 'NONE', #2609 ) ;
#371 = CARTESIAN_POINT ( 'NONE',  ( 0.6299752327137142505, 0.5100000000000000089, -0.01590211153050350920 ) ) ;
#372 =( NAMED_UNIT ( * ) SI_UNIT ( $, .STERADIAN. ) SOLID_ANGLE_UNIT ( ) );
#373 =( LENGTH_UNIT ( ) NAMED_UNIT ( * ) SI_UNIT ( .MILLI., .METRE. ) );
#374 = ORIENTED_EDGE ( 'NONE', *, *, #670, .F. ) ;
#375 = CARTESIAN_POINT ( 'NONE',  ( -0.6390549660626893003, 0.5100000000000000089, -0.1081160464881737171 ) ) ;
#376 =( NAMED_UNIT ( * ) PLANE_ANGLE_UNIT ( ) SI_UNIT ( $, .RADIAN. ) );
#377 = CARTESIAN_POINT ( 'NONE',  ( 1.200000000000000178, -0.09999999999999982514, 0.7000000000000000666 ) ) ;
#378 = CARTESIAN_POINT ( 'NONE',  ( 0.1953801300911599259, 0.5100000000000000089, -0.3037290272574545980 ) ) ;
#379 = COLOUR_RGB ( '',0.7921568627450980005, 0.8196078431372548767, 0.9333333333333333481 ) ;
#380 = COLOUR_RGB ( '',0.2509803921568627416, 0.2509803921568627416, 0.2509803921568627416 ) ;
#381 = PRESENTATION_LAYER_ASSIGNMENT (  '', '', ( #79 ) ) ;
#382 = CARTESIAN_POINT ( 'NONE',  ( 0.7337183138631770962, 0.5100000000000000089, 0.04112086084373432759 ) ) ;
#383 = PRESENTATION_LAYER_ASSIGNMENT (  '', '', ( #80 ) ) ;
#384 = EDGE_CURVE ( 'NONE', #862, #2315, #1506, .T. ) ;
#385 = PRESENTATION_STYLE_ASSIGNMENT (( #1362 ) ) ;
#386 = SURFACE_STYLE_USAGE ( .BOTH. , #1668 ) ;
#387 = SURFACE_STYLE_USAGE ( .BOTH. , #503 ) ;
#388 = LINE ( 'NONE', #301, #2551 ) ;
#389 = PLANE ( 'NONE',  #1005 ) ;
#390 = LINE ( 'NONE', #2577, #1938 ) ;
#391 = FILL_AREA_STYLE ('',( #2713 ) ) ;
#392 = EDGE_LOOP ( 'NONE', ( #246, #1633, #1725, #149 ) ) ;
#393 = VECTOR ( 'NONE', #1767, 1000.000000000000000 ) ;
#394 = VERTEX_POINT ( 'NONE', #618 ) ;
#395 = CARTESIAN_POINT ( 'NONE',  ( -1.200000000000000178, -0.09999999999999982514, 0.7230788914346361063 ) ) ;
#396 = ORIENTED_EDGE ( 'NONE', *, *, #962, .F. ) ;
#397 = CARTESIAN_POINT ( 'NONE',  ( -1.200000000000000178, 0.1000000000000001860, 0.7000000000000000666 ) ) ;
#398 = EDGE_CURVE ( 'NONE', #2738, #2285, #1338, .T. ) ;
#399 = ORIENTED_EDGE ( 'NONE', *, *, #2235, .T. ) ;
#400 = ORIENTED_EDGE ( 'NONE', *, *, #818, .F. ) ;
#401 =( LENGTH_UNIT ( ) NAMED_UNIT ( * ) SI_UNIT ( .MILLI., .METRE. ) );
#402 = ORIENTED_EDGE ( 'NONE', *, *, #1158, .T. ) ;
#403 = AXIS2_PLACEMENT_3D ( 'NONE', #614, #2301, #2707 ) ;
#404 = B_SPLINE_CURVE_WITH_KNOTS ( 'NONE', 3,
 ( #2359, #2504, #147, #1383, #2163 ),
 .UNSPECIFIED., .F., .F.,
 ( 4, 1, 4 ),
 ( 0.0000000000000000000, 0.4999999999999986122, 0.9999948747432856333 ),
 .UNSPECIFIED. ) ;
#405 = MECHANICAL_DESIGN_GEOMETRIC_PRESENTATION_REPRESENTATION (  '', ( #105 ), #555 ) ;
#406 = ORIENTED_EDGE ( 'NONE', *, *, #793, .F. ) ;
#407 = CARTESIAN_POINT ( 'NONE',  ( 0.6541141044501460611, 0.5100000000000000089, -0.1661088349497461258 ) ) ;
#408 = LINE ( 'NONE', #945, #339 ) ;
#409 = DIRECTION ( 'NONE',  ( -0.0000000000000000000, 0.4257970363298793082, 0.9048187022009942515 ) ) ;
#410 = LINE ( 'NONE', #870, #2655 ) ;
#411 = UNCERTAINTY_MEASURE_WITH_UNIT (LENGTH_MEASURE( 1.000000000000000082E-05 ), #1657, 'distance_accuracy_value', 'NONE');
#412 = FILL_AREA_STYLE ('',( #187 ) ) ;
#413 = CARTESIAN_POINT ( 'NONE',  ( -1.520055000000000378, -0.5100000000000001199, -0.6277059379095325520 ) ) ;
#414 =( NAMED_UNIT ( * ) PLANE_ANGLE_UNIT ( ) SI_UNIT ( $, .RADIAN. ) );
#415 = LINE ( 'NONE', #568, #350 ) ;
#416 = CARTESIAN_POINT ( 'NONE',  ( 0.6999999999999999556, -0.6100000000000002087, 0.9630788914346360974 ) ) ;
#417 = PRESENTATION_STYLE_ASSIGNMENT (( #920 ) ) ;
#418 = EDGE_CURVE ( 'NONE', #2442, #280, #2608, .T. ) ;
#419 = SURFACE_SIDE_STYLE ('',( #2539 ) ) ;
#420 = MECHANICAL_DESIGN_GEOMETRIC_PRESENTATION_REPRESENTATION (  '', ( #2729 ), #565 ) ;
#421 = MECHANICAL_DESIGN_GEOMETRIC_PRESENTATION_REPRESENTATION (  '', ( #2731 ), #566 ) ;
#422 = SURFACE_STYLE_FILL_AREA ( #1566 ) ;
#423 = B_SPLINE_CURVE_WITH_KNOTS ( 'NONE', 3,
 ( #2184, #1597, #519, #1469, #2648, #313, #243 ),
 .UNSPECIFIED., .F., .F.,
 ( 4, 1, 1, 1, 4 ),
 ( 0.0000000000000000000, 0.2501771040499388699, 0.4997618763153833243, 0.7497946546148669400, 0.9999976482693514468 ),
 .UNSPECIFIED. ) ;
#424 = PRESENTATION_STYLE_ASSIGNMENT (( #2074 ) ) ;
#425 = DIRECTION ( 'NONE',  ( 0.0000000000000000000, 0.0000000000000000000, 1.000000000000000000 ) ) ;
#426 = VECTOR ( 'NONE', #2088, 1000.000000000000000 ) ;
#427 = B_SPLINE_CURVE_WITH_KNOTS ( 'NONE', 3,
 ( #375, #1809, #2553, #135, #2125 ),
 .UNSPECIFIED., .F., .F.,
 ( 4, 1, 4 ),
 ( 0.0000000000000000000, 0.4999999999999977796, 0.9999961980198019962 ),
 .UNSPECIFIED. ) ;
#428 = ORIENTED_EDGE ( 'NONE', *, *, #1281, .T. ) ;
#429 = ORIENTED_EDGE ( 'NONE', *, *, #2710, .T. ) ;
#430 = CARTESIAN_POINT ( 'NONE',  ( 0.2500000000000000000, 0.1000000000000001860, -0.8500000000000000888 ) ) ;
#431 = DIRECTION ( 'NONE',  ( -0.1710878697460292697, -0.9702875252478162516, -0.1710878697460287701 ) ) ;
#432 = ORIENTED_EDGE ( 'NONE', *, *, #838, .T. ) ;
#433 = ORIENTED_EDGE ( 'NONE', *, *, #1541, .T. ) ;
#434 = AXIS2_PLACEMENT_3D ( 'NONE', #1718, #2629, #2320 ) ;
#435 = EDGE_CURVE ( 'NONE', #250, #1174, #427, .T. ) ;
#436 = LINE ( 'NONE', #1973, #2318 ) ;
#437 = VECTOR ( 'NONE', #237, 1000.000000000000000 ) ;
#438 = VERTEX_POINT ( 'NONE', #1496 ) ;
#439 = SURFACE_SIDE_STYLE ('',( #2494 ) ) ;
#440 = FACE_OUTER_BOUND ( 'NONE', #2377, .T. ) ;
#441 = PLANE ( 'NONE',  #895 ) ;
#442 = SURFACE_STYLE_FILL_AREA ( #1940 ) ;
#443 = CARTESIAN_POINT ( 'NONE',  ( 0.6958484194940360856, 0.5100000000000000089, -0.1427117334379651714 ) ) ;
#444 = SURFACE_STYLE_FILL_AREA ( #1298 ) ;
#445 =( NAMED_UNIT ( * ) PLANE_ANGLE_UNIT ( ) SI_UNIT ( $, .RADIAN. ) );
#446 = EDGE_CURVE ( 'NONE', #1237, #2251, #873, .T. ) ;
#447 = LINE ( 'NONE', #1944, #2126 ) ;
#448 = LINE ( 'NONE', #748, #963 ) ;
#449 =( LENGTH_UNIT ( ) NAMED_UNIT ( * ) SI_UNIT ( .MILLI., .METRE. ) );
#450 = STYLED_ITEM ( 'NONE', ( #2434 ), #517 ) ;
#451 = VECTOR ( 'NONE', #842, 1000.000000000000000 ) ;
#452 = SURFACE_STYLE_FILL_AREA ( #1965 ) ;
#453 = VECTOR ( 'NONE', #826, 1000.000000000000000 ) ;
#454 = EDGE_LOOP ( 'NONE', ( #1246, #1780, #148, #2216 ) ) ;
#455 = CARTESIAN_POINT ( 'NONE',  ( 0.4874474377834795424, 0.5100000000000000089, -0.02808800161641385879 ) ) ;
#456 = ORIENTED_EDGE ( 'NONE', *, *, #999, .T. ) ;
#457 = VERTEX_POINT ( 'NONE', #1580 ) ;
#458 =( LENGTH_UNIT ( ) NAMED_UNIT ( * ) SI_UNIT ( .MILLI., .METRE. ) );
#459 = EDGE_LOOP ( 'NONE', ( #1579, #699, #1137, #228, #700, #325, #1794, #2743 ) ) ;
#460 = VERTEX_POINT ( 'NONE', #1747 ) ;
#461 = CARTESIAN_POINT ( 'NONE',  ( 1.520000000000000684, 0.1000000000000000056, 0.7000000000000000666 ) ) ;
#462 = CARTESIAN_POINT ( 'NONE',  ( -0.1800062344988446195, 0.5100000000000000089, -0.2475439289319301961 ) ) ;
#463 = VERTEX_POINT ( 'NONE', #1833 ) ;
#464 = ORIENTED_EDGE ( 'NONE', *, *, #1228, .F. ) ;
#465 =( GEOMETRIC_REPRESENTATION_CONTEXT ( 3 ) GLOBAL_UNCERTAINTY_ASSIGNED_CONTEXT ( ( #2228 ) ) GLOBAL_UNIT_ASSIGNED_CONTEXT ( ( #1719, #445, #1924 ) ) REPRESENTATION_CONTEXT ( 'NONE', 'WORKASPACE' ) );
#466 = PRESENTATION_LAYER_ASSIGNMENT (  '', '', ( #329 ) ) ;
#467 =( NAMED_UNIT ( * ) PLANE_ANGLE_UNIT ( ) SI_UNIT ( $, .RADIAN. ) );
#468 = PRESENTATION_LAYER_ASSIGNMENT (  '', '', ( #330 ) ) ;
#469 = CARTESIAN_POINT ( 'NONE',  ( 0.6999999999999999556, -0.4100000000000001976, 1.090000000000000080 ) ) ;
#470 = DIRECTION ( 'NONE',  ( -0.0000000000000000000, -0.0000000000000000000, -1.000000000000000000 ) ) ;
#471 = CARTESIAN_POINT ( 'NONE',  ( 0.2500000000000000000, 0.1000000000000001860, -0.8500000000000000888 ) ) ;
#472 = COLOUR_RGB ( '',0.6470588235294117974, 0.6196078431372549211, 0.5882352941176470784 ) ;
#473 = ADVANCED_FACE ( 'NONE', ( #663 ), #1387, .F. ) ;
#474 = VECTOR ( 'NONE', #1710, 1000.000000000000000 ) ;
#475 = CARTESIAN_POINT ( 'NONE',  ( -0.4420397417037342791, 0.5100000000000000089, -0.2909085144369082387 ) ) ;
#476 =( NAMED_UNIT ( * ) PLANE_ANGLE_UNIT ( ) SI_UNIT ( $, .RADIAN. ) );
#477 = DIRECTION ( 'NONE',  ( 0.0000000000000000000, -0.0000000000000000000, -1.000000000000000000 ) ) ;
#478 = VECTOR ( 'NONE', #1962, 1000.000000000000000 ) ;
#479 =( LENGTH_UNIT ( ) NAMED_UNIT ( * ) SI_UNIT ( .MILLI., .METRE. ) );
#480 = STYLED_ITEM ( 'NONE', ( #2238 ), #1145 ) ;
#481 = EDGE_CURVE ( 'NONE', #280, #1478, #1206, .T. ) ;
#482 = ADVANCED_FACE ( 'NONE', ( #1528 ), #1484, .F. ) ;
#483 = MECHANICAL_DESIGN_GEOMETRIC_PRESENTATION_REPRESENTATION (  '', ( #46 ), #640 ) ;
#484 = PRESENTATION_STYLE_ASSIGNMENT (( #387 ) ) ;
#485 = PRESENTATION_LAYER_ASSIGNMENT (  '', '', ( #199 ) ) ;
#486 = PRESENTATION_STYLE_ASSIGNMENT (( #846 ) ) ;
#487 =( NAMED_UNIT ( * ) SI_UNIT ( $, .STERADIAN. ) SOLID_ANGLE_UNIT ( ) );
#488 = CARTESIAN_POINT ( 'NONE',  ( -0.2028570493960282772, 0.5100000000000000089, -0.2524469759753899534 ) ) ;
#489 = CLOSED_SHELL ( 'NONE', ( #688, #71, #306, #1156, #1363, #1172, #1572, #255, #1775, #517 ) ) ;
#490 = ORIENTED_EDGE ( 'NONE', *, *, #1071, .F. ) ;
#491 = PLANE ( 'NONE',  #1414 ) ;
#492 = ORIENTED_EDGE ( 'NONE', *, *, #847, .F. ) ;
#493 = DIRECTION ( 'NONE',  ( 0.0000000000000000000, -1.000000000000000000, 0.0000000000000000000 ) ) ;
#494 = LINE ( 'NONE', #1359, #2414 ) ;
#495 = ORIENTED_EDGE ( 'NONE', *, *, #2123, .T. ) ;
#496 = EDGE_CURVE ( 'NONE', #1503, #160, #861, .T. ) ;
#497 = VECTOR ( 'NONE', #1530, 1000.000000000000000 ) ;
#498 = CARTESIAN_POINT ( 'NONE',  ( -0.4420397417037342791, 0.5100000000000000089, -0.2909085144369082387 ) ) ;
#499 = CARTESIAN_POINT ( 'NONE',  ( 0.5122371012450178673, 0.5100000000000000089, -0.02808800161641289081 ) ) ;
#500 = ADVANCED_FACE ( 'NONE', ( #890 ), #1564, .F. ) ;
#501 = AXIS2_PLACEMENT_3D ( 'NONE', #2024, #771, #2237 ) ;
#502 = CARTESIAN_POINT ( 'NONE',  ( 0.01308846342450540289, 0.5100000000000000089, 0.2090914855630634783 ) ) ;
#503 = SURFACE_SIDE_STYLE ('',( #1325 ) ) ;
#504 = CARTESIAN_POINT ( 'NONE',  ( 0.6925756429116789459, 0.5100000000000000089, 0.06716440222975192387 ) ) ;
#505 = ORIENTED_EDGE ( 'NONE', *, *, #2294, .F. ) ;
#506 = CARTESIAN_POINT ( 'NONE',  ( 0.0000000000000000000, 0.5100000000000000089, 0.0000000000000000000 ) ) ;
#507 = EDGE_CURVE ( 'NONE', #803, #2107, #197, .T. ) ;
#508 = VECTOR ( 'NONE', #1909, 1000.000000000000000 ) ;
#509 = CARTESIAN_POINT ( 'NONE',  ( 0.6999999999999999556, -0.09999999999999982514, 0.7000000000000000666 ) ) ;
#510 = DIRECTION ( 'NONE',  ( 1.000000000000000000, -0.0000000000000000000, -0.0000000000000000000 ) ) ;
#511 = UNCERTAINTY_MEASURE_WITH_UNIT (LENGTH_MEASURE( 1.000000000000000082E-05 ), #322, 'distance_accuracy_value', 'NONE');
#512 = CARTESIAN_POINT ( 'NONE',  ( -0.3710199464210681142, 0.5100000000000000089, -0.01738840392755879038 ) ) ;
#513 = DIRECTION ( 'NONE',  ( 0.0000000000000000000, -1.000000000000000000, 0.0000000000000000000 ) ) ;
#514 = LINE ( 'NONE', #2615, #1592 ) ;
#515 = CARTESIAN_POINT ( 'NONE',  ( 1.520000000000000684, 0.1000000000000000056, -0.7000000000000000666 ) ) ;
#516 = CARTESIAN_POINT ( 'NONE',  ( -1.200000000000000178, -0.4100000000000001976, 1.240000000000000213 ) ) ;
#517 = ADVANCED_FACE ( 'NONE', ( #595 ), #1882, .F. ) ;
#518 = LINE ( 'NONE', #1406, #2129 ) ;
#519 = CARTESIAN_POINT ( 'NONE',  ( -0.5274930950255228845, 0.5100000000000000089, 0.2158166755576920171 ) ) ;
#520 = CARTESIAN_POINT ( 'NONE',  ( 0.5175956749629671005, 0.5100000000000000089, -0.07937005289846592315 ) ) ;
#522 = DIRECTION ( 'NONE',  ( 0.1710878697460292419, -0.9702875252478162516, 0.1710878697460287423 ) ) ;
#521 = VECTOR ( 'NONE', #2420, 1000.000000000000000 ) ;
#523 = MECHANICAL_DESIGN_GEOMETRIC_PRESENTATION_REPRESENTATION (  '', ( #79 ), #668 ) ;
#524 = MECHANICAL_DESIGN_GEOMETRIC_PRESENTATION_REPRESENTATION (  '', ( #80 ), #669 ) ;
#525 = EDGE_CURVE ( 'NONE', #2738, #1753, #1234, .T. ) ;
#526 = EDGE_LOOP ( 'NONE', ( #1335, #505, #1638, #1440 ) ) ;
#527 = SURFACE_SIDE_STYLE ('',( #2654 ) ) ;
#528 =( LENGTH_UNIT ( ) NAMED_UNIT ( * ) SI_UNIT ( .MILLI., .METRE. ) );
#529 = DIRECTION ( 'NONE',  ( 1.000000000000000000, -0.0000000000000000000, -0.0000000000000000000 ) ) ;
#530 = VERTEX_POINT ( 'NONE', #2183 ) ;
#531 = CARTESIAN_POINT ( 'NONE',  ( 0.2451555147504623500, 0.5100000000000000089, -0.03813569710897814213 ) ) ;
#532 = CARTESIAN_POINT ( 'NONE',  ( 0.2500000000000000000, -0.09999999999999982514, -0.7230788914346361063 ) ) ;
#533 = ORIENTED_EDGE ( 'NONE', *, *, #794, .F. ) ;
#534 =( NAMED_UNIT ( * ) SI_UNIT ( $, .STERADIAN. ) SOLID_ANGLE_UNIT ( ) );
#535 = UNCERTAINTY_MEASURE_WITH_UNIT (LENGTH_MEASURE( 1.000000000000000082E-05 ), #1862, 'distance_accuracy_value', 'NONE');
#536 = CARTESIAN_POINT ( 'NONE',  ( 0.6411934313732223778, 0.5100000000000000089, -0.06064008494974257313 ) ) ;
#537 = DIRECTION ( 'NONE',  ( -1.000000000000000000, 0.0000000000000000000, -0.0000000000000000000 ) ) ;
#538 = ORIENTED_EDGE ( 'NONE', *, *, #952, .T. ) ;
#539 = EDGE_LOOP ( 'NONE', ( #293, #832, #222, #2399, #2337, #2740, #428, #1017 ) ) ;
#540 = ORIENTED_EDGE ( 'NONE', *, *, #961, .T. ) ;
#541 = PLANE ( 'NONE',  #353 ) ;
#542 = CARTESIAN_POINT ( 'NONE',  ( 0.4874474377834775995, 0.5100000000000000089, -0.2396264631548823409 ) ) ;
#543 = CARTESIAN_POINT ( 'NONE',  ( -0.4770113959266344406, 0.5100000000000000089, 0.1103223153885232871 ) ) ;
#544 = VECTOR ( 'NONE', #2150, 1000.000000000000000 ) ;
#545 = CARTESIAN_POINT ( 'NONE',  ( 0.2069987198347644775, 0.5100000000000000089, 0.002160395819475254865 ) ) ;
#546 =( NAMED_UNIT ( * ) SI_UNIT ( $, .STERADIAN. ) SOLID_ANGLE_UNIT ( ) );
#547 = ORIENTED_EDGE ( 'NONE', *, *, #1903, .F. ) ;
#548 =( NAMED_UNIT ( * ) PLANE_ANGLE_UNIT ( ) SI_UNIT ( $, .RADIAN. ) );
#549 = EDGE_CURVE ( 'NONE', #2250, #438, #2079, .T. ) ;
#550 = DIRECTION ( 'NONE',  ( 1.000000000000000000, -0.0000000000000000000, 0.0000000000000000000 ) ) ;
#551 = DIRECTION ( 'NONE',  ( 0.0000000000000000000, 0.0000000000000000000, -1.000000000000000000 ) ) ;
#552 = DIRECTION ( 'NONE',  ( -1.000000000000000000, 0.0000000000000000000, 0.0000000000000000000 ) ) ;
#553 = PRESENTATION_LAYER_ASSIGNMENT (  '', '', ( #244 ) ) ;
#554 = VECTOR ( 'NONE', #651, 1000.000000000000000 ) ;
#555 =( GEOMETRIC_REPRESENTATION_CONTEXT ( 3 ) GLOBAL_UNCERTAINTY_ASSIGNED_CONTEXT ( ( #247 ) ) GLOBAL_UNIT_ASSIGNED_CONTEXT ( ( #43, #1551, #261 ) ) REPRESENTATION_CONTEXT ( 'NONE', 'WORKASPACE' ) );
#556 = DIRECTION ( 'NONE',  ( 1.000000000000000000, -0.0000000000000000000, -0.0000000000000000000 ) ) ;
#557 = CARTESIAN_POINT ( 'NONE',  ( -1.200000000000000178, 0.1000000000000001860, 0.7000000000000000666 ) ) ;
#558 = CARTESIAN_POINT ( 'NONE',  ( -1.520000000000000684, 0.5100000000000000089, 0.7000000000000000666 ) ) ;
#559 = DIRECTION ( 'NONE',  ( 0.0000000000000000000, -0.9848077530122092416, -0.1736481776669233090 ) ) ;
#560 = CARTESIAN_POINT ( 'NONE',  ( -0.3584521767739725084, 0.5100000000000000089, -0.1803166328062488777 ) ) ;
#561 = CARTESIAN_POINT ( 'NONE',  ( 0.2500000000000000000, -0.6100000000000002087, -1.240000000000000213 ) ) ;
#562 =( NAMED_UNIT ( * ) SI_UNIT ( $, .STERADIAN. ) SOLID_ANGLE_UNIT ( ) );
#563 = CARTESIAN_POINT ( 'NONE',  ( 0.4874474377834723260, 0.5100000000000000089, 0.1578094342810286155 ) ) ;
#564 = STYLED_ITEM ( 'NONE', ( #1953 ), #2572 ) ;
#565 =( GEOMETRIC_REPRESENTATION_CONTEXT ( 3 ) GLOBAL_UNCERTAINTY_ASSIGNED_CONTEXT ( ( #2306 ) ) GLOBAL_UNIT_ASSIGNED_CONTEXT ( ( #2700, #1245, #2489 ) ) REPRESENTATION_CONTEXT ( 'NONE', 'WORKASPACE' ) );
#566 =( GEOMETRIC_REPRESENTATION_CONTEXT ( 3 ) GLOBAL_UNCERTAINTY_ASSIGNED_CONTEXT ( ( #844 ) ) GLOBAL_UNIT_ASSIGNED_CONTEXT ( ( #2012, #204, #1590 ) ) REPRESENTATION_CONTEXT ( 'NONE', 'WORKASPACE' ) );
#567 = VERTEX_POINT ( 'NONE', #2068 ) ;
#568 = CARTESIAN_POINT ( 'NONE',  ( 1.200000000000000178, -0.6100000000000002087, 1.240000000000000213 ) ) ;
#569 =( NAMED_UNIT ( * ) SI_UNIT ( $, .STERADIAN. ) SOLID_ANGLE_UNIT ( ) );
#570 = EDGE_LOOP ( 'NONE', ( #596, #1910, #18, #156 ) ) ;
#571 = ORIENTED_EDGE ( 'NONE', *, *, #1300, .F. ) ;
#572 =( NAMED_UNIT ( * ) PLANE_ANGLE_UNIT ( ) SI_UNIT ( $, .RADIAN. ) );
#573 = ORIENTED_EDGE ( 'NONE', *, *, #1365, .F. ) ;
#574 = EDGE_LOOP ( 'NONE', ( #1822, #2555, #866, #1331 ) ) ;
#575 = COLOUR_RGB ( '',0.6470588235294117974, 0.6196078431372549211, 0.5882352941176470784 ) ;
#576 = CARTESIAN_POINT ( 'NONE',  ( 0.1930764441937281028, 0.5100000000000000089, -0.2524469759754024434 ) ) ;
#577 = VECTOR ( 'NONE', #2019, 1000.000000000000000 ) ;
#578 = CARTESIAN_POINT ( 'NONE',  ( -0.6928866332269205675, 0.5100000000000000089, 0.1088442519035359435 ) ) ;
#579 =( NAMED_UNIT ( * ) PLANE_ANGLE_UNIT ( ) SI_UNIT ( $, .RADIAN. ) );
#580 = CARTESIAN_POINT ( 'NONE',  ( -0.2713416063312086846, 0.5100000000000000089, 0.1559849192752914560 ) ) ;
#581 = DIRECTION ( 'NONE',  ( 0.0000000000000000000, 0.0000000000000000000, 1.000000000000000000 ) ) ;
#582 = PRESENTATION_LAYER_ASSIGNMENT (  '', '', ( #277 ) ) ;
#583 = EDGE_CURVE ( 'NONE', #220, #1287, #2113, .T. ) ;
#584 = SURFACE_SIDE_STYLE ('',( #1188 ) ) ;
#585 = CARTESIAN_POINT ( 'NONE',  ( -0.2500000000000000000, 0.1000000000000001860, -0.7000000000000000666 ) ) ;
#586 = SURFACE_STYLE_FILL_AREA ( #159 ) ;
#587 = FILL_AREA_STYLE_COLOUR ( '', #2750 ) ;
#588 = UNCERTAINTY_MEASURE_WITH_UNIT (LENGTH_MEASURE( 1.000000000000000082E-05 ), #1549, 'distance_accuracy_value', 'NONE');
#589 = SURFACE_STYLE_FILL_AREA ( #775 ) ;
#590 = SURFACE_SIDE_STYLE ('',( #912 ) ) ;
#591 = CARTESIAN_POINT ( 'NONE',  ( 1.200000000000000178, -0.6100000000000002087, 0.9630788914346360974 ) ) ;
#592 = CARTESIAN_POINT ( 'NONE',  ( 1.200000000000000178, -0.09999999999999982514, 0.7230788914346361063 ) ) ;
#593 = VECTOR ( 'NONE', #1332, 1000.000000000000000 ) ;
#594 = LINE ( 'NONE', #1333, #393 ) ;
#595 = FACE_OUTER_BOUND ( 'NONE', #539, .T. ) ;
#596 = ORIENTED_EDGE ( 'NONE', *, *, #1802, .T. ) ;
#597 = EDGE_CURVE ( 'NONE', #1565, #1411, #404, .T. ) ;
#598 = ORIENTED_EDGE ( 'NONE', *, *, #278, .T. ) ;
#599 = CARTESIAN_POINT ( 'NONE',  ( -0.1807646334530204624, 0.5100000000000000089, -0.3006165476852090124 ) ) ;
#600 = VERTEX_POINT ( 'NONE', #1264 ) ;
#601 = ORIENTED_EDGE ( 'NONE', *, *, #2277, .T. ) ;
#602 = AXIS2_PLACEMENT_3D ( 'NONE', #413, #1863, #1893 ) ;
#603 = B_SPLINE_CURVE_WITH_KNOTS ( 'NONE', 3,
 ( #66, #726, #1841, #309, #2673 ),
 .UNSPECIFIED., .F., .F.,
 ( 4, 1, 4 ),
 ( 0.0000000000000000000, 0.4461117122458029272, 0.9999969722470478661 ),
 .UNSPECIFIED. ) ;
#604 =( NAMED_UNIT ( * ) PLANE_ANGLE_UNIT ( ) SI_UNIT ( $, .RADIAN. ) );
#605 = ORIENTED_EDGE ( 'NONE', *, *, #2025, .T. ) ;
#606 = CARTESIAN_POINT ( 'NONE',  ( 0.2500000000000000000, -0.09999999999999982514, -0.7000000000000000666 ) ) ;
#607 = ORIENTED_EDGE ( 'NONE', *, *, #2002, .F. ) ;
#608 = LINE ( 'NONE', #5, #2149 ) ;
#609 = EDGE_LOOP ( 'NONE', ( #601, #676, #2142, #639 ) ) ;
#610 = CARTESIAN_POINT ( 'NONE',  ( -0.6999999999999999556, 0.1000000000000001860, 0.8500000000000000888 ) ) ;
#611 = DIRECTION ( 'NONE',  ( 0.0000000000000000000, 0.0000000000000000000, 1.000000000000000000 ) ) ;
#612 = FACE_OUTER_BOUND ( 'NONE', #89, .T. ) ;
#613 = CARTESIAN_POINT ( 'NONE',  ( 0.6163125421623172340, 0.5100000000000000089, -0.2897736989467799562 ) ) ;
#614 = CARTESIAN_POINT ( 'NONE',  ( 0.0000000000000000000, 0.5100000000000000089, 0.0000000000000000000 ) ) ;
#615 = CARTESIAN_POINT ( 'NONE',  ( -0.2256671867238613516, 0.5100000000000000089, -0.2476142552069916791 ) ) ;
#616 = DIRECTION ( 'NONE',  ( -0.1710878697460292697, 0.9702875252478162516, 0.1710878697460287701 ) ) ;
#617 = MECHANICAL_DESIGN_GEOMETRIC_PRESENTATION_REPRESENTATION (  '', ( #329 ), #763 ) ;
#618 = CARTESIAN_POINT ( 'NONE',  ( -1.447705937909532947, 0.5100000000000000089, 0.6277059379095324410 ) ) ;
#619 = VECTOR ( 'NONE', #1680, 1000.000000000000000 ) ;
#620 = MECHANICAL_DESIGN_GEOMETRIC_PRESENTATION_REPRESENTATION (  '', ( #330 ), #764 ) ;
#621 = B_SPLINE_CURVE_WITH_KNOTS ( 'NONE', 3,
 ( #60, #276, #1768, #499, #1974 ),
 .UNSPECIFIED., .F., .F.,
 ( 4, 1, 4 ),
 ( 0.0000000000000000000, 0.4999999999999972800, 1.000000000000000000 ),
 .UNSPECIFIED. ) ;
#622 = DIRECTION ( 'NONE',  ( 0.9848077530122092416, 0.1736481776669238086, 0.0000000000000000000 ) ) ;
#623 = SURFACE_STYLE_FILL_AREA ( #1961 ) ;
#624 = CARTESIAN_POINT ( 'NONE',  ( -0.4260357329746523036, 0.5100000000000000089, 0.01745673526991826582 ) ) ;
#625 = CARTESIAN_POINT ( 'NONE',  ( -0.1047009782589602561, 0.5100000000000000089, 0.1053197202100573382 ) ) ;
#626 = LINE ( 'NONE', #1781, #1742 ) ;
#627 = CARTESIAN_POINT ( 'NONE',  ( 0.2500000000000000000, 0.1000000000000001860, -0.8500000000000000888 ) ) ;
#628 =( NAMED_UNIT ( * ) PLANE_ANGLE_UNIT ( ) SI_UNIT ( $, .RADIAN. ) );
#629 = B_SPLINE_CURVE_WITH_KNOTS ( 'NONE', 3,
 ( #2137, #2003, #2050, #1125, #2515 ),
 .UNSPECIFIED., .F., .F.,
 ( 4, 1, 4 ),
 ( 0.0000000000000000000, 0.4999999999999996114, 0.9999944343511937284 ),
 .UNSPECIFIED. ) ;
#630 = SURFACE_STYLE_USAGE ( .BOTH. , #1891 ) ;
#631 = CARTESIAN_POINT ( 'NONE',  ( -0.07783453046740704262, 0.5100000000000000089, 0.02055522388970118866 ) ) ;
#632 = ORIENTED_EDGE ( 'NONE', *, *, #2464, .F. ) ;
#633 = CARTESIAN_POINT ( 'NONE',  ( 0.7374474377834732142, 0.5100000000000000089, 0.06716440222975368635 ) ) ;
#634 = AXIS2_PLACEMENT_3D ( 'NONE', #1587, #97, #2343 ) ;
#635 = EDGE_CURVE ( 'NONE', #194, #2047, #1908, .T. ) ;
#636 = ORIENTED_EDGE ( 'NONE', *, *, #685, .T. ) ;
#637 = VERTEX_POINT ( 'NONE', #542 ) ;
#638 =( NAMED_UNIT ( * ) PLANE_ANGLE_UNIT ( ) SI_UNIT ( $, .RADIAN. ) );
#639 = ORIENTED_EDGE ( 'NONE', *, *, #1105, .T. ) ;
#640 =( GEOMETRIC_REPRESENTATION_CONTEXT ( 3 ) GLOBAL_UNCERTAINTY_ASSIGNED_CONTEXT ( ( #2584 ) ) GLOBAL_UNIT_ASSIGNED_CONTEXT ( ( #401, #548, #2217 ) ) REPRESENTATION_CONTEXT ( 'NONE', 'WORKASPACE' ) );
#641 = B_SPLINE_CURVE_WITH_KNOTS ( 'NONE', 3,
 ( #1350, #625, #2083, #2153, #2018 ),
 .UNSPECIFIED., .F., .F.,
 ( 4, 1, 4 ),
 ( 0.0000000000000000000, 0.4437655382261694315, 0.9999963803825342445 ),
 .UNSPECIFIED. ) ;
#642 = MECHANICAL_DESIGN_GEOMETRIC_PRESENTATION_REPRESENTATION (  '', ( #199 ), #785 ) ;
#643 = CARTESIAN_POINT ( 'NONE',  ( -0.6089339388125729613, 0.5100000000000000089, -0.1164098475621034440 ) ) ;
#644 = LINE ( 'NONE', #2268, #22 ) ;
#645 = ORIENTED_EDGE ( 'NONE', *, *, #481, .T. ) ;
#646 = CARTESIAN_POINT ( 'NONE',  ( -0.6473012298321462188, 0.5100000000000000089, -0.06043120587328276033 ) ) ;
#647 = CARTESIAN_POINT ( 'NONE',  ( -0.2500000000000000000, -0.6100000000000002087, -1.240000000000000213 ) ) ;
#648 = SURFACE_STYLE_FILL_AREA ( #2626 ) ;
#649 = PRESENTATION_STYLE_ASSIGNMENT (( #1643 ) ) ;
#650 = VECTOR ( 'NONE', #95, 1000.000000000000000 ) ;
#651 = DIRECTION ( 'NONE',  ( -1.000000000000000000, -0.0000000000000000000, -0.0000000000000000000 ) ) ;
#652 = EDGE_CURVE ( 'NONE', #160, #2178, #641, .T. ) ;
#653 = DIRECTION ( 'NONE',  ( 0.0000000000000000000, 0.0000000000000000000, -1.000000000000000000 ) ) ;
#654 = PRESENTATION_LAYER_ASSIGNMENT (  '', '', ( #368 ) ) ;
#655 = STYLED_ITEM ( 'NONE', ( #2049 ), #473 ) ;
#656 = UNCERTAINTY_MEASURE_WITH_UNIT (LENGTH_MEASURE( 1.000000000000000082E-05 ), #902, 'distance_accuracy_value', 'NONE');
#657 = CARTESIAN_POINT ( 'NONE',  ( 0.4874474377834740468, 0.5100000000000000089, 0.1268265282981215769 ) ) ;
#658 = CARTESIAN_POINT ( 'NONE',  ( -0.5945838122165095774, 0.5100000000000000089, 0.1706299471015544633 ) ) ;
#659 = VERTEX_POINT ( 'NONE', #263 ) ;
#660 = DIRECTION ( 'NONE',  ( 0.0000000000000000000, -0.1736481776669233368, -0.9848077530122093526 ) ) ;
#661 = CARTESIAN_POINT ( 'NONE',  ( 0.08262923513985948043, 0.5100000000000000089, -0.1649382843610927019 ) ) ;
#662 = ORIENTED_EDGE ( 'NONE', *, *, #1933, .F. ) ;
#663 = FACE_OUTER_BOUND ( 'NONE', #2636, .T. ) ;
#664 = ORIENTED_EDGE ( 'NONE', *, *, #1106, .F. ) ;
#665 = CARTESIAN_POINT ( 'NONE',  ( -0.4707895399833357808, 0.5100000000000000089, 0.06598190671833242815 ) ) ;
#666 = ORIENTED_EDGE ( 'NONE', *, *, #2054, .T. ) ;
#667 = ORIENTED_EDGE ( 'NONE', *, *, #1987, .F. ) ;
#668 =( GEOMETRIC_REPRESENTATION_CONTEXT ( 3 ) GLOBAL_UNCERTAINTY_ASSIGNED_CONTEXT ( ( #535 ) ) GLOBAL_UNIT_ASSIGNED_CONTEXT ( ( #1862, #604, #2066 ) ) REPRESENTATION_CONTEXT ( 'NONE', 'WORKASPACE' ) );
#669 =( GEOMETRIC_REPRESENTATION_CONTEXT ( 3 ) GLOBAL_UNCERTAINTY_ASSIGNED_CONTEXT ( ( #1136 ) ) GLOBAL_UNIT_ASSIGNED_CONTEXT ( ( #449, #741, #796 ) ) REPRESENTATION_CONTEXT ( 'NONE', 'WORKASPACE' ) );
#670 = EDGE_CURVE ( 'NONE', #740, #2367, #1695, .T. ) ;
#671 = FACE_OUTER_BOUND ( 'NONE', #2324, .T. ) ;
#672 = UNCERTAINTY_MEASURE_WITH_UNIT (LENGTH_MEASURE( 1.000000000000000082E-05 ), #1143, 'distance_accuracy_value', 'NONE');
#673 = ORIENTED_EDGE ( 'NONE', *, *, #597, .T. ) ;
#674 = CARTESIAN_POINT ( 'NONE',  ( 0.1953801300911599259, 0.5100000000000000089, -0.3037290272574545980 ) ) ;
#675 = PLANE ( 'NONE',  #799 ) ;
#676 = ORIENTED_EDGE ( 'NONE', *, *, #2544, .T. ) ;
#677 = FILL_AREA_STYLE_COLOUR ( '', #1381 ) ;
#678 =( LENGTH_UNIT ( ) NAMED_UNIT ( * ) SI_UNIT ( .MILLI., .METRE. ) );
#679 =( LENGTH_UNIT ( ) NAMED_UNIT ( * ) SI_UNIT ( .MILLI., .METRE. ) );
#680 = CARTESIAN_POINT ( 'NONE',  ( -1.447705937909532947, -0.5100000000000000089, -0.6277059379095325520 ) ) ;
#681 = FACE_OUTER_BOUND ( 'NONE', #49, .T. ) ;
#682 = LINE ( 'NONE', #397, #1738 ) ;
#683 = CARTESIAN_POINT ( 'NONE',  ( -1.200000000000000178, -0.4100000000000001976, 1.240000000000000213 ) ) ;
#684 = PLANE ( 'NONE',  #2581 ) ;
#685 = EDGE_CURVE ( 'NONE', #2251, #2403, #691, .T. ) ;
#686 = VECTOR ( 'NONE', #2401, 1000.000000000000000 ) ;
#687 = CARTESIAN_POINT ( 'NONE',  ( 0.07601771796921089064, 0.5100000000000000089, -0.2576835337654133085 ) ) ;
#688 = ADVANCED_FACE ( 'NONE', ( #38 ), #2423, .F. ) ;
#689 = MECHANICAL_DESIGN_GEOMETRIC_PRESENTATION_REPRESENTATION (  '', ( #244 ), #833 ) ;
#690 = PRESENTATION_LAYER_ASSIGNMENT (  '', '', ( #2563 ) ) ;
#691 = LINE ( 'NONE', #1745, #453 ) ;
#692 =( NAMED_UNIT ( * ) SI_UNIT ( $, .STERADIAN. ) SOLID_ANGLE_UNIT ( ) );
#693 = DIRECTION ( 'NONE',  ( 0.0000000000000000000, -0.9048187022009942515, -0.4257970363298793082 ) ) ;
#694 = CARTESIAN_POINT ( 'NONE',  ( -0.5104158100798048547, 0.5100000000000000089, -0.2909085144369017439 ) ) ;
#695 = DIRECTION ( 'NONE',  ( -0.0000000000000000000, 0.9048187022009942515, 0.4257970363298793082 ) ) ;
#696 = EDGE_LOOP ( 'NONE', ( #399, #1939, #1508, #1722 ) ) ;
#697 = CARTESIAN_POINT ( 'NONE',  ( 0.6496401369233458789, 0.5100000000000000089, -0.2030099001096267175 ) ) ;
#698 = SURFACE_STYLE_USAGE ( .BOTH. , #1123 ) ;
#699 = ORIENTED_EDGE ( 'NONE', *, *, #2675, .F. ) ;
#700 = ORIENTED_EDGE ( 'NONE', *, *, #999, .F. ) ;
#701 = DIRECTION ( 'NONE',  ( -0.0000000000000000000, -1.000000000000000000, -0.0000000000000000000 ) ) ;
#702 = CARTESIAN_POINT ( 'NONE',  ( 1.200000000000000178, -0.6100000000000002087, 0.9630788914346360974 ) ) ;
#703 = VERTEX_POINT ( 'NONE', #1394 ) ;
#704 = ADVANCED_FACE ( 'NONE', ( #2597 ), #1701, .F. ) ;
#705 = SURFACE_STYLE_FILL_AREA ( #992 ) ;
#706 = ORIENTED_EDGE ( 'NONE', *, *, #2277, .F. ) ;
#707 = AXIS2_PLACEMENT_3D ( 'NONE', #702, #2169, #915 ) ;
#708 = DIRECTION ( 'NONE',  ( 0.0000000000000000000, -0.9048187022009942515, -0.4257970363298793082 ) ) ;
#709 = CARTESIAN_POINT ( 'NONE',  ( -0.3715269211908821534, 0.5100000000000000089, -0.04070819392410106319 ) ) ;
#710 = DIRECTION ( 'NONE',  ( 0.0000000000000000000, 0.0000000000000000000, 1.000000000000000000 ) ) ;
#711 = FACE_BOUND ( 'NONE', #977, .T. ) ;
#712 = CARTESIAN_POINT ( 'NONE',  ( -0.2500000000000000000, -0.09999999999999982514, -0.7000000000000000666 ) ) ;
#713 = FILL_AREA_STYLE ('',( #1972 ) ) ;
#714 = CARTESIAN_POINT ( 'NONE',  ( -0.1341770979559029353, 0.5100000000000000089, -0.2377104760138517570 ) ) ;
#715 = PRESENTATION_STYLE_ASSIGNMENT (( #2350 ) ) ;
#716 = CARTESIAN_POINT ( 'NONE',  ( 0.5933508862875942480, 0.5100000000000000089, -0.02432975399747472345 ) ) ;
#717 = SURFACE_STYLE_FILL_AREA ( #1221 ) ;
#718 = ADVANCED_FACE ( 'NONE', ( #2461 ), #1436, .F. ) ;
#719 = SURFACE_STYLE_USAGE ( .BOTH. , #1285 ) ;
#720 = CARTESIAN_POINT ( 'NONE',  ( 1.479020517156072856, -0.3324061960301132879, 0.6590205171560722386 ) ) ;
#721 = MECHANICAL_DESIGN_GEOMETRIC_PRESENTATION_REPRESENTATION (  '', ( #277 ), #863 ) ;
#722 = EDGE_CURVE ( 'NONE', #1975, #1534, #820, .T. ) ;
#723 = UNCERTAINTY_MEASURE_WITH_UNIT (LENGTH_MEASURE( 1.000000000000000082E-05 ), #528, 'distance_accuracy_value', 'NONE');
#724 = FACE_OUTER_BOUND ( 'NONE', #183, .T. ) ;
#725 = PLANE ( 'NONE',  #2243 ) ;
#726 = CARTESIAN_POINT ( 'NONE',  ( -0.5596129063005229609, 0.5100000000000000089, -0.06304814453283039133 ) ) ;
#727 = ORIENTED_EDGE ( 'NONE', *, *, #525, .T. ) ;
#728 = DIRECTION ( 'NONE',  ( -0.1710878697460292419, 0.9702875252478162516, 0.1710878697460289644 ) ) ;
#729 = ORIENTED_EDGE ( 'NONE', *, *, #2481, .F. ) ;
#730 = SURFACE_STYLE_FILL_AREA ( #2735 ) ;
#731 = ADVANCED_FACE ( 'NONE', ( #2356 ), #242, .F. ) ;
#732 = ORIENTED_EDGE ( 'NONE', *, *, #2710, .F. ) ;
#733 = CLOSED_SHELL ( 'NONE', ( #2596, #2203, #704, #1750, #287, #1556, #271, #718, #1589, #56, #2587, #1334, #1540, #959, #2189, #1127, #731, #1346, #1993, #500, #2159 ) ) ;
#734 = CARTESIAN_POINT ( 'NONE',  ( -0.2500000000000000000, -0.4100000000000001976, -1.090000000000000080 ) ) ;
#735 = CARTESIAN_POINT ( 'NONE',  ( -0.6094489134582070644, 0.5100000000000000089, -0.06435468337057526078 ) ) ;
#736 = VERTEX_POINT ( 'NONE', #2591 ) ;
#737 =( NAMED_UNIT ( * ) SI_UNIT ( $, .STERADIAN. ) SOLID_ANGLE_UNIT ( ) );
#738 = ORIENTED_EDGE ( 'NONE', *, *, #1087, .T. ) ;
#739 = DIRECTION ( 'NONE',  ( -1.000000000000000000, -0.0000000000000000000, -0.0000000000000000000 ) ) ;
#740 = VERTEX_POINT ( 'NONE', #1455 ) ;
#741 =( NAMED_UNIT ( * ) PLANE_ANGLE_UNIT ( ) SI_UNIT ( $, .RADIAN. ) );
#742 = EDGE_CURVE ( 'NONE', #2704, #1790, #2331, .T. ) ;
#743 = CARTESIAN_POINT ( 'NONE',  ( -0.6390549660626893003, 0.5100000000000000089, -0.1081160464881737171 ) ) ;
#744 = FILL_AREA_STYLE_COLOUR ( '', #1481 ) ;
#745 = ORIENTED_EDGE ( 'NONE', *, *, #780, .F. ) ;
#746 =( LENGTH_UNIT ( ) NAMED_UNIT ( * ) SI_UNIT ( .MILLI., .METRE. ) );
#747 = PRESENTATION_LAYER_ASSIGNMENT (  '', '', ( #450 ) ) ;
#748 = CARTESIAN_POINT ( 'NONE',  ( 1.200000000000000178, 0.1000000000000001860, 0.7000000000000000666 ) ) ;
#749 = CARTESIAN_POINT ( 'NONE',  ( -0.2500000000000000000, 0.1000000000000001860, -0.8500000000000000888 ) ) ;
#750 = EDGE_CURVE ( 'NONE', #1571, #1849, #644, .T. ) ;
#751 = LINE ( 'NONE', #1959, #169 ) ;
#752 = PRESENTATION_STYLE_ASSIGNMENT (( #630 ) ) ;
#753 = CARTESIAN_POINT ( 'NONE',  ( 0.2500000000000000000, 0.1000000000000001860, -0.7000000000000000666 ) ) ;
#754 = SURFACE_STYLE_USAGE ( .BOTH. , #2007 ) ;
#755 = DIRECTION ( 'NONE',  ( -1.000000000000000000, 0.0000000000000000000, 0.0000000000000000000 ) ) ;
#756 = LINE ( 'NONE', #1385, #686 ) ;
#757 = CARTESIAN_POINT ( 'NONE',  ( 0.1301085485177998768, 0.5100000000000000089, -0.2972853988175965245 ) ) ;
#758 = PLANE ( 'NONE',  #2027 ) ;
#759 = DIRECTION ( 'NONE',  ( -0.9848077530122092416, 0.1736481776669238086, 0.0000000000000000000 ) ) ;
#760 = CARTESIAN_POINT ( 'NONE',  ( 0.4425756429116844970, 0.5100000000000000089, -0.1480513715797895091 ) ) ;
#761 = PLANE ( 'NONE',  #501 ) ;
#762 = STYLED_ITEM ( 'NONE', ( #715 ), #2380 ) ;
#763 =( GEOMETRIC_REPRESENTATION_CONTEXT ( 3 ) GLOBAL_UNCERTAINTY_ASSIGNED_CONTEXT ( ( #342 ) ) GLOBAL_UNIT_ASSIGNED_CONTEXT ( ( #354, #572, #1830 ) ) REPRESENTATION_CONTEXT ( 'NONE', 'WORKASPACE' ) );
#764 =( GEOMETRIC_REPRESENTATION_CONTEXT ( 3 ) GLOBAL_UNCERTAINTY_ASSIGNED_CONTEXT ( ( #1784 ) ) GLOBAL_UNIT_ASSIGNED_CONTEXT ( ( #323, #365, #3 ) ) REPRESENTATION_CONTEXT ( 'NONE', 'WORKASPACE' ) );
#765 = CARTESIAN_POINT ( 'NONE',  ( 1.200000000000000178, 0.1000000000000001860, 0.7000000000000000666 ) ) ;
#766 = FILL_AREA_STYLE_COLOUR ( '', #850 ) ;
#767 = ORIENTED_EDGE ( 'NONE', *, *, #2558, .F. ) ;
#768 = DIRECTION ( 'NONE',  ( 0.0000000000000000000, -1.000000000000000000, -0.0000000000000000000 ) ) ;
#769 = EDGE_LOOP ( 'NONE', ( #1181, #1275, #1854, #292, #812, #1788, #2736, #2111, #1603, #869, #1175, #1507, #1797, #1437 ) ) ;
#770 = CARTESIAN_POINT ( 'NONE',  ( -1.520002500000000811, 0.1000000000000000194, -0.7000000000000000666 ) ) ;
#771 = DIRECTION ( 'NONE',  ( 0.0000000000000000000, -1.000000000000000000, 0.0000000000000000000 ) ) ;
#772 = ORIENTED_EDGE ( 'NONE', *, *, #917, .F. ) ;
#773 = VERTEX_POINT ( 'NONE', #284 ) ;
#774 = CARTESIAN_POINT ( 'NONE',  ( -0.7497320493960033527, 0.5100000000000000089, 0.08088635735798889448 ) ) ;
#775 = FILL_AREA_STYLE ('',( #1211 ) ) ;
#776 = ORIENTED_EDGE ( 'NONE', *, *, #1948, .F. ) ;
#777 = UNCERTAINTY_MEASURE_WITH_UNIT (LENGTH_MEASURE( 1.000000000000000082E-05 ), #2048, 'distance_accuracy_value', 'NONE');
#778 = DIRECTION ( 'NONE',  ( -0.0000000000000000000, 1.000000000000000000, -0.0000000000000000000 ) ) ;
#779 = PRESENTATION_LAYER_ASSIGNMENT (  '', '', ( #480 ) ) ;
#780 = EDGE_CURVE ( 'NONE', #1466, #2367, #1374, .T. ) ;
#781 = CARTESIAN_POINT ( 'NONE',  ( -1.200000000000000178, -0.6100000000000002087, 0.9630788914346360974 ) ) ;
#782 = FILL_AREA_STYLE ('',( #2662 ) ) ;
#783 = DIRECTION ( 'NONE',  ( -1.000000000000000000, -0.0000000000000000000, -0.0000000000000000000 ) ) ;
#784 = FILL_AREA_STYLE_COLOUR ( '', #2340 ) ;
#785 =( GEOMETRIC_REPRESENTATION_CONTEXT ( 3 ) GLOBAL_UNCERTAINTY_ASSIGNED_CONTEXT ( ( #906 ) ) GLOBAL_UNIT_ASSIGNED_CONTEXT ( ( #2652, #1412, #112 ) ) REPRESENTATION_CONTEXT ( 'NONE', 'WORKASPACE' ) );
#786 = DIRECTION ( 'NONE',  ( -1.000000000000000000, 0.0000000000000000000, 0.0000000000000000000 ) ) ;
#787 = PRESENTATION_STYLE_ASSIGNMENT (( #386 ) ) ;
#788 = FILL_AREA_STYLE_COLOUR ( '', #1396 ) ;
#789 = CARTESIAN_POINT ( 'NONE',  ( 1.200000000000000178, 0.1000000000000001860, 0.8500000000000000888 ) ) ;
#790 = SURFACE_STYLE_FILL_AREA ( #1998 ) ;
#791 = LINE ( 'NONE', #919, #1593 ) ;
#792 = CARTESIAN_POINT ( 'NONE',  ( 0.1201597775270697166, 0.5100000000000000089, 0.1578094342810142658 ) ) ;
#793 = EDGE_CURVE ( 'NONE', #280, #1327, #1216, .T. ) ;
#794 = EDGE_CURVE ( 'NONE', #2047, #773, #603, .T. ) ;
#795 = COLOUR_RGB ( '',0.2509803921568627416, 0.2509803921568627416, 0.2509803921568627416 ) ;
#796 =( NAMED_UNIT ( * ) SI_UNIT ( $, .STERADIAN. ) SOLID_ANGLE_UNIT ( ) );
#797 = CARTESIAN_POINT ( 'NONE',  ( 0.2069987198347644775, 0.5100000000000000089, 0.002160395819475254865 ) ) ;
#798 = MECHANICAL_DESIGN_GEOMETRIC_PRESENTATION_REPRESENTATION (  '', ( #368 ), #936 ) ;
#799 = AXIS2_PLACEMENT_3D ( 'NONE', #2134, #1544, #1195 ) ;
#800 = EDGE_LOOP ( 'NONE', ( #573, #2499, #1207, #1914 ) ) ;
#801 = CARTESIAN_POINT ( 'NONE',  ( 0.6856369739990774148, 0.5100000000000000089, 0.04256365242787781694 ) ) ;
#802 = VERTEX_POINT ( 'NONE', #2193 ) ;
#803 = VERTEX_POINT ( 'NONE', #1576 ) ;
#804 = PLANE ( 'NONE',  #2718 ) ;
#805 = CARTESIAN_POINT ( 'NONE',  ( 0.4874474377834775995, 0.5100000000000000089, -0.2396264631548823409 ) ) ;
#806 = ORIENTED_EDGE ( 'NONE', *, *, #1760, .T. ) ;
#807 = DIRECTION ( 'NONE',  ( 0.0000000000000000000, 0.9048187022009942515, -0.4257970363298793082 ) ) ;
#808 = VECTOR ( 'NONE', #2447, 1000.000000000000000 ) ;
#809 = DIRECTION ( 'NONE',  ( 0.0000000000000000000, 0.0000000000000000000, -1.000000000000000000 ) ) ;
#810 = FACE_OUTER_BOUND ( 'NONE', #574, .T. ) ;
#811 = CARTESIAN_POINT ( 'NONE',  ( -1.520055000000000378, -0.5100000000000002309, 0.6277059379095323299 ) ) ;
#812 = ORIENTED_EDGE ( 'NONE', *, *, #2599, .T. ) ;
#813 = UNCERTAINTY_MEASURE_WITH_UNIT (LENGTH_MEASURE( 1.000000000000000082E-05 ), #2023, 'distance_accuracy_value', 'NONE');
#814 = DIRECTION ( 'NONE',  ( 0.0000000000000000000, -1.000000000000000000, 0.0000000000000000000 ) ) ;
#815 = FACE_OUTER_BOUND ( 'NONE', #2253, .T. ) ;
#816 = CARTESIAN_POINT ( 'NONE',  ( -1.447705937909532947, 0.5100000000000000089, -0.7000000000000000666 ) ) ;
#817 = EDGE_CURVE ( 'NONE', #2317, #295, #494, .T. ) ;
#818 = EDGE_CURVE ( 'NONE', #1721, #457, #1890, .T. ) ;
#819 = B_SPLINE_CURVE_WITH_KNOTS ( 'NONE', 3,
 ( #1895, #1696, #1485, #2726, #1273, #2510 ),
 .UNSPECIFIED., .F., .F.,
 ( 4, 1, 1, 4 ),
 ( 0.0000000000000000000, 0.3333333333333343695, 0.6666666666666672958, 0.9999976774239445199 ),
 .UNSPECIFIED. ) ;
#820 = LINE ( 'NONE', #201, #206 ) ;
#821 = DIRECTION ( 'NONE',  ( 0.0000000000000000000, -0.0000000000000000000, -1.000000000000000000 ) ) ;
#822 = CARTESIAN_POINT ( 'NONE',  ( 0.2500000000000000000, -0.4100000000000001976, -1.240000000000000213 ) ) ;
#823 = SURFACE_STYLE_FILL_AREA ( #1371 ) ;
#824 = CARTESIAN_POINT ( 'NONE',  ( 0.5401317326552718123, 0.5100000000000000089, -0.2909085144369331632 ) ) ;
#825 = FACE_OUTER_BOUND ( 'NONE', #930, .T. ) ;
#826 = DIRECTION ( 'NONE',  ( 0.0000000000000000000, -0.9048187022009942515, 0.4257970363298793082 ) ) ;
#827 = CARTESIAN_POINT ( 'NONE',  ( -0.3121411341789456784, 0.5100000000000000089, -0.1767992022033922916 ) ) ;
#828 = EDGE_CURVE ( 'NONE', #637, #703, #1870, .T. ) ;
#829 = EDGE_LOOP ( 'NONE', ( #456, #1112, #979, #114 ) ) ;
#830 = FILL_AREA_STYLE_COLOUR ( '', #1044 ) ;
#831 = PRESENTATION_STYLE_ASSIGNMENT (( #2103 ) ) ;
#832 = ORIENTED_EDGE ( 'NONE', *, *, #670, .T. ) ;
#833 =( GEOMETRIC_REPRESENTATION_CONTEXT ( 3 ) GLOBAL_UNCERTAINTY_ASSIGNED_CONTEXT ( ( #874 ) ) GLOBAL_UNIT_ASSIGNED_CONTEXT ( ( #1595, #467, #1358 ) ) REPRESENTATION_CONTEXT ( 'NONE', 'WORKASPACE' ) );
#834 = B_SPLINE_CURVE_WITH_KNOTS ( 'NONE', 3,
 ( #475, #1951, #694, #2161, #907, #2371 ),
 .UNSPECIFIED., .F., .F.,
 ( 4, 1, 1, 4 ),
 ( 0.0000000000000000000, 0.3333333333333354243, 0.6666666666666679619, 0.9999975117463416607 ),
 .UNSPECIFIED. ) ;
#835 = MECHANICAL_DESIGN_GEOMETRIC_PRESENTATION_REPRESENTATION (  '', ( #2563 ), #987 ) ;
#836 = VERTEX_POINT ( 'NONE', #1187 ) ;
#837 = CARTESIAN_POINT ( 'NONE',  ( 0.1410098042364721360, 0.5100000000000000089, 0.1355571639818693164 ) ) ;
#838 = EDGE_CURVE ( 'NONE', #2501, #803, #1482, .T. ) ;
#839 = CARTESIAN_POINT ( 'NONE',  ( 0.6999999999999999556, -0.4100000000000001976, 1.240000000000000213 ) ) ;
#840 = ORIENTED_EDGE ( 'NONE', *, *, #2660, .F. ) ;
#841 = ORIENTED_EDGE ( 'NONE', *, *, #446, .T. ) ;
#842 = DIRECTION ( 'NONE',  ( -0.0000000000000000000, 1.000000000000000000, -0.0000000000000000000 ) ) ;
#843 = FILL_AREA_STYLE ('',( #882 ) ) ;
#844 = UNCERTAINTY_MEASURE_WITH_UNIT (LENGTH_MEASURE( 1.000000000000000082E-05 ), #2012, 'distance_accuracy_value', 'NONE');
#845 =( NAMED_UNIT ( * ) PLANE_ANGLE_UNIT ( ) SI_UNIT ( $, .RADIAN. ) );
#846 = SURFACE_STYLE_USAGE ( .BOTH. , #1762 ) ;
#847 = EDGE_CURVE ( 'NONE', #2072, #363, #1730, .T. ) ;
#848 = CARTESIAN_POINT ( 'NONE',  ( 0.7243386124491526523, 0.5100000000000000089, 0.1468421759642455360 ) ) ;
#849 = FACE_OUTER_BOUND ( 'NONE', #1336, .T. ) ;
#850 = COLOUR_RGB ( '',0.2509803921568627416, 0.2509803921568627416, 0.2509803921568627416 ) ;
#851 = PRESENTATION_LAYER_ASSIGNMENT (  '', '', ( #564 ) ) ;
#852 = CARTESIAN_POINT ( 'NONE',  ( 1.200000000000000178, -0.4100000000000001976, 1.090000000000000080 ) ) ;
#853 = STYLED_ITEM ( 'NONE', ( #2583 ), #1765 ) ;
#854 = CARTESIAN_POINT ( 'NONE',  ( 0.1930764441937281028, 0.5100000000000000089, -0.2524469759754024434 ) ) ;
#855 = STYLED_ITEM ( 'NONE', ( #2677 ), #271 ) ;
#856 = LINE ( 'NONE', #1016, #1351 ) ;
#857 = CARTESIAN_POINT ( 'NONE',  ( -0.6390549660626893003, 0.5100000000000000089, -0.1081160464881737171 ) ) ;
#858 = DIRECTION ( 'NONE',  ( -1.000000000000000000, -0.0000000000000000000, -0.0000000000000000000 ) ) ;
#859 = CARTESIAN_POINT ( 'NONE',  ( 0.4924724773133948297, 0.5100000000000000089, -0.07937005289846688072 ) ) ;
#860 = FILL_AREA_STYLE_COLOUR ( '', #1641 ) ;
#861 = B_SPLINE_CURVE_WITH_KNOTS ( 'NONE', 3,
 ( #172, #2282, #631, #1026, #1952 ),
 .UNSPECIFIED., .F., .F.,
 ( 4, 1, 4 ),
 ( 0.0000000000000000000, 0.4404012078153839993, 1.000000000000000000 ),
 .UNSPECIFIED. ) ;
#862 = VERTEX_POINT ( 'NONE', #1786 ) ;
#863 =( GEOMETRIC_REPRESENTATION_CONTEXT ( 3 ) GLOBAL_UNCERTAINTY_ASSIGNED_CONTEXT ( ( #672 ) ) GLOBAL_UNIT_ASSIGNED_CONTEXT ( ( #1143, #1352, #1796 ) ) REPRESENTATION_CONTEXT ( 'NONE', 'WORKASPACE' ) );
#864 = EDGE_CURVE ( 'NONE', #2144, #50, #51, .T. ) ;
#865 = VERTEX_POINT ( 'NONE', #1936 ) ;
#866 = ORIENTED_EDGE ( 'NONE', *, *, #2106, .F. ) ;
#867 = CARTESIAN_POINT ( 'NONE',  ( 0.4425756429116803892, 0.5100000000000000089, -0.2909085144369362164 ) ) ;
#868 = ORIENTED_EDGE ( 'NONE', *, *, #2076, .T. ) ;
#869 = ORIENTED_EDGE ( 'NONE', *, *, #435, .T. ) ;
#870 = CARTESIAN_POINT ( 'NONE',  ( -0.2500000000000000000, -0.6100000000000002087, -0.9630788914346360974 ) ) ;
#871 = VECTOR ( 'NONE', #529, 1000.000000000000000 ) ;
#872 = ORIENTED_EDGE ( 'NONE', *, *, #481, .F. ) ;
#873 = LINE ( 'NONE', #128, #1983 ) ;
#874 = UNCERTAINTY_MEASURE_WITH_UNIT (LENGTH_MEASURE( 1.000000000000000082E-05 ), #1595, 'distance_accuracy_value', 'NONE');
#875 = DIRECTION ( 'NONE',  ( 0.0000000000000000000, 0.0000000000000000000, 1.000000000000000000 ) ) ;
#876 = DIRECTION ( 'NONE',  ( 1.000000000000000000, -0.0000000000000000000, -0.0000000000000000000 ) ) ;
#877 = DIRECTION ( 'NONE',  ( 0.0000000000000000000, -1.000000000000000000, 0.0000000000000000000 ) ) ;
#878 = CARTESIAN_POINT ( 'NONE',  ( -0.4420397417037269516, 0.5100000000000000089, -0.2396264631548582769 ) ) ;
#879 = EDGE_CURVE ( 'NONE', #457, #2607, #2733, .T. ) ;
#880 = COLOUR_RGB ( '',0.2509803921568627416, 0.2509803921568627416, 0.2509803921568627416 ) ;
#881 = MECHANICAL_DESIGN_GEOMETRIC_PRESENTATION_REPRESENTATION (  '', ( #450 ), #1041 ) ;
#882 = FILL_AREA_STYLE_COLOUR ( '', #1167 ) ;
#883 = SURFACE_SIDE_STYLE ('',( #1288 ) ) ;
#884 = VECTOR ( 'NONE', #1629, 1000.000000000000000 ) ;
#885 =( NAMED_UNIT ( * ) SI_UNIT ( $, .STERADIAN. ) SOLID_ANGLE_UNIT ( ) );
#886 = LINE ( 'NONE', #2446, #319 ) ;
#887 = UNCERTAINTY_MEASURE_WITH_UNIT (LENGTH_MEASURE( 1.000000000000000082E-05 ), #2166, 'distance_accuracy_value', 'NONE');
#888 = CARTESIAN_POINT ( 'NONE',  ( 0.4980981450484300854, 0.5100000000000000089, 0.1578094342810291428 ) ) ;
#889 = ORIENTED_EDGE ( 'NONE', *, *, #2257, .T. ) ;
#890 = FACE_OUTER_BOUND ( 'NONE', #1107, .T. ) ;
#891 = DIRECTION ( 'NONE',  ( -0.0000000000000000000, 0.9048187022009942515, 0.4257970363298793082 ) ) ;
#892 = VERTEX_POINT ( 'NONE', #1089 ) ;
#893 = ORIENTED_EDGE ( 'NONE', *, *, #1071, .T. ) ;
#894 = ORIENTED_EDGE ( 'NONE', *, *, #100, .F. ) ;
#895 = AXIS2_PLACEMENT_3D ( 'NONE', #2128, #877, #2347 ) ;
#896 = CARTESIAN_POINT ( 'NONE',  ( 0.5309759041244591637, 0.5100000000000000089, -0.02811393714441890249 ) ) ;
#897 = ORIENTED_EDGE ( 'NONE', *, *, #418, .T. ) ;
#898 = SURFACE_STYLE_USAGE ( .BOTH. , #1022 ) ;
#899 = CARTESIAN_POINT ( 'NONE',  ( 0.6902373665701705407, 0.5100000000000000089, -0.09925738812238689424 ) ) ;
#900 = ORIENTED_EDGE ( 'NONE', *, *, #879, .T. ) ;
#901 = VECTOR ( 'NONE', #2155, 1000.000000000000000 ) ;
#902 =( LENGTH_UNIT ( ) NAMED_UNIT ( * ) SI_UNIT ( .MILLI., .METRE. ) );
#903 = PLANE ( 'NONE',  #707 ) ;
#904 = FACE_OUTER_BOUND ( 'NONE', #1108, .T. ) ;
#905 =( NAMED_UNIT ( * ) SI_UNIT ( $, .STERADIAN. ) SOLID_ANGLE_UNIT ( ) );
#906 = UNCERTAINTY_MEASURE_WITH_UNIT (LENGTH_MEASURE( 1.000000000000000082E-05 ), #2652, 'distance_accuracy_value', 'NONE');
#907 = CARTESIAN_POINT ( 'NONE',  ( -0.6243759240399217036, 0.5100000000000000089, -0.2909085144368879217 ) ) ;
#908 = DIRECTION ( 'NONE',  ( 0.0000000000000000000, 0.0000000000000000000, -1.000000000000000000 ) ) ;
#909 = SURFACE_SIDE_STYLE ('',( #1260 ) ) ;
#910 = ADVANCED_FACE ( 'NONE', ( #1789 ), #968, .F. ) ;
#911 = VECTOR ( 'NONE', #1296, 1000.000000000000000 ) ;
#912 = SURFACE_STYLE_FILL_AREA ( #2053 ) ;
#913 = VECTOR ( 'NONE', #1637, 1000.000000000000000 ) ;
#914 = SURFACE_STYLE_USAGE ( .BOTH. , #1377 ) ;
#915 = DIRECTION ( 'NONE',  ( 0.0000000000000000000, -0.0000000000000000000, 1.000000000000000000 ) ) ;
#916 = MECHANICAL_DESIGN_GEOMETRIC_PRESENTATION_REPRESENTATION (  '', ( #480 ), #1070 ) ;
#917 = EDGE_CURVE ( 'NONE', #1859, #1568, #423, .T. ) ;
#918 = DIRECTION ( 'NONE',  ( 0.0000000000000000000, -0.0000000000000000000, -1.000000000000000000 ) ) ;
#919 = CARTESIAN_POINT ( 'NONE',  ( 0.2500000000000000000, 0.1000000000000001860, -0.7000000000000000666 ) ) ;
#920 = SURFACE_STYLE_USAGE ( .BOTH. , #2173 ) ;
#921 = STYLED_ITEM ( 'NONE', ( #2667 ), #942 ) ;
#922 =( NAMED_UNIT ( * ) PLANE_ANGLE_UNIT ( ) SI_UNIT ( $, .RADIAN. ) );
#923 = CARTESIAN_POINT ( 'NONE',  ( -0.07866773057814159531, 0.5100000000000000089, -0.1096768757268497541 ) ) ;
#924 = ADVANCED_FACE ( 'NONE', ( #2640 ), #1663, .F. ) ;
#925 = ORIENTED_EDGE ( 'NONE', *, *, #134, .T. ) ;
#926 = CARTESIAN_POINT ( 'NONE',  ( 0.2069987198347644775, 0.5100000000000000089, 0.002160395819475254865 ) ) ;
#927 = VERTEX_POINT ( 'NONE', #2462 ) ;
#928 = CARTESIAN_POINT ( 'NONE',  ( 0.4874474377834723260, 0.5100000000000000089, 0.1578094342810286155 ) ) ;
#929 = ORIENTED_EDGE ( 'NONE', *, *, #1815, .T. ) ;
#930 = EDGE_LOOP ( 'NONE', ( #338, #1510, #495, #86 ) ) ;
#931 = EDGE_CURVE ( 'NONE', #52, #1135, #2104, .T. ) ;
#932 = DIRECTION ( 'NONE',  ( -0.0000000000000000000, -0.0000000000000000000, 1.000000000000000000 ) ) ;
#933 = ORIENTED_EDGE ( 'NONE', *, *, #742, .T. ) ;
#934 = ORIENTED_EDGE ( 'NONE', *, *, #1251, .T. ) ;
#935 = ORIENTED_EDGE ( 'NONE', *, *, #1228, .T. ) ;
#936 =( GEOMETRIC_REPRESENTATION_CONTEXT ( 3 ) GLOBAL_UNCERTAINTY_ASSIGNED_CONTEXT ( ( #1173 ) ) GLOBAL_UNIT_ASSIGNED_CONTEXT ( ( #2458, #1215, #2670 ) ) REPRESENTATION_CONTEXT ( 'NONE', 'WORKASPACE' ) );
#937 = SURFACE_SIDE_STYLE ('',( #1804 ) ) ;
#938 = FILL_AREA_STYLE ('',( #1149 ) ) ;
#939 = PRESENTATION_LAYER_ASSIGNMENT (  '', '', ( #655 ) ) ;
#940 = PRODUCT_CONTEXT ( 'NONE', #1313, 'mechanical' ) ;
#941 = CARTESIAN_POINT ( 'NONE',  ( 0.6713169300028118958, 0.5100000000000000089, -0.04530515706337206322 ) ) ;
#942 = ADVANCED_FACE ( 'NONE', ( #2592 ), #1543, .F. ) ;
#943 = ORIENTED_EDGE ( 'NONE', *, *, #257, .F. ) ;
#944 = DIRECTION ( 'NONE',  ( -0.0000000000000000000, 0.9048187022009942515, -0.4257970363298793082 ) ) ;
#945 = CARTESIAN_POINT ( 'NONE',  ( -1.479020517156072856, -0.3324061960301132879, 0.6590205171560722386 ) ) ;
#946 = CARTESIAN_POINT ( 'NONE',  ( -0.3700065427420680120, 0.5100000000000000089, 0.02922606760654471864 ) ) ;
#947 = DIRECTION ( 'NONE',  ( 0.0000000000000000000, 0.0000000000000000000, -1.000000000000000000 ) ) ;
#948 = VECTOR ( 'NONE', #2751, 1000.000000000000000 ) ;
#949 = FACE_OUTER_BOUND ( 'NONE', #609, .T. ) ;
#950 = CARTESIAN_POINT ( 'NONE',  ( -0.04743173298275221023, 0.5100000000000000089, -0.1809927179605715086 ) ) ;
#951 = FILL_AREA_STYLE ('',( #98 ) ) ;
#952 = EDGE_CURVE ( 'NONE', #1755, #1075, #1988, .T. ) ;
#953 = CARTESIAN_POINT ( 'NONE',  ( 1.200000000000000178, 0.1000000000000001860, 0.7000000000000000666 ) ) ;
#954 = CARTESIAN_POINT ( 'NONE',  ( 1.447705937909532947, -0.5100000000000000089, -0.7000000000000000666 ) ) ;
#955 = FILL_AREA_STYLE ('',( #744 ) ) ;
#956 = LINE ( 'NONE', #320, #1811 ) ;
#957 = CARTESIAN_POINT ( 'NONE',  ( 0.4975970104330503796, 0.5100000000000000089, -0.2396264631548820079 ) ) ;
#958 = STYLED_ITEM ( 'NONE', ( #1518 ), #2189 ) ;
#959 = ADVANCED_FACE ( 'NONE', ( #1361 ), #1927, .F. ) ;
#960 = STYLED_ITEM ( 'NONE', ( #385 ), #1494 ) ;
#961 = EDGE_CURVE ( 'NONE', #2144, #394, #2202, .T. ) ;
#962 = EDGE_CURVE ( 'NONE', #2594, #50, #1163, .T. ) ;
#963 = VECTOR ( 'NONE', #2668, 1000.000000000000000 ) ;
#964 =( NAMED_UNIT ( * ) SI_UNIT ( $, .STERADIAN. ) SOLID_ANGLE_UNIT ( ) );
#965 = CARTESIAN_POINT ( 'NONE',  ( -0.2500000000000000000, -0.09999999999999982514, -0.7230788914346361063 ) ) ;
#966 = VECTOR ( 'NONE', #1191, 1000.000000000000000 ) ;
#967 =( NAMED_UNIT ( * ) SI_UNIT ( $, .STERADIAN. ) SOLID_ANGLE_UNIT ( ) );
#968 = PLANE ( 'NONE',  #196 ) ;
#969 =( NAMED_UNIT ( * ) SI_UNIT ( $, .STERADIAN. ) SOLID_ANGLE_UNIT ( ) );
#970 = CARTESIAN_POINT ( 'NONE',  ( 1.200000000000000178, -0.6100000000000002087, 1.240000000000000213 ) ) ;
#971 = VERTEX_POINT ( 'NONE', #1342 ) ;
#972 = UNCERTAINTY_MEASURE_WITH_UNIT (LENGTH_MEASURE( 1.000000000000000082E-05 ), #1416, 'distance_accuracy_value', 'NONE');
#973 = ORIENTED_EDGE ( 'NONE', *, *, #742, .F. ) ;
#974 =( NAMED_UNIT ( * ) PLANE_ANGLE_UNIT ( ) SI_UNIT ( $, .RADIAN. ) );
#975 = CARTESIAN_POINT ( 'NONE',  ( -0.3284812303950254697, 0.5100000000000000089, -0.2442608602847818888 ) ) ;
#976 = CARTESIAN_POINT ( 'NONE',  ( -0.5724978004055183423, 0.5100000000000000089, 0.1673712570445622660 ) ) ;
#977 = EDGE_LOOP ( 'NONE', ( #2209, #1451, #2341, #1502, #1645 ) ) ;
#978 = DIRECTION ( 'NONE',  ( 0.0000000000000000000, 0.0000000000000000000, -1.000000000000000000 ) ) ;
#979 = ORIENTED_EDGE ( 'NONE', *, *, #1423, .F. ) ;
#980 =( LENGTH_UNIT ( ) NAMED_UNIT ( * ) SI_UNIT ( .MILLI., .METRE. ) );
#981 = VERTEX_POINT ( 'NONE', #2432 ) ;
#982 = EDGE_CURVE ( 'NONE', #2407, #659, #8, .T. ) ;
#983 = FILL_AREA_STYLE_COLOUR ( '', #1021 ) ;
#984 = ORIENTED_EDGE ( 'NONE', *, *, #1903, .T. ) ;
#985 = LINE ( 'NONE', #1581, #2576 ) ;
#986 = FILL_AREA_STYLE ('',( #1812 ) ) ;
#987 =( GEOMETRIC_REPRESENTATION_CONTEXT ( 3 ) GLOBAL_UNCERTAINTY_ASSIGNED_CONTEXT ( ( #2425 ) ) GLOBAL_UNIT_ASSIGNED_CONTEXT ( ( #1160, #2611, #1369 ) ) REPRESENTATION_CONTEXT ( 'NONE', 'WORKASPACE' ) );
#988 = CARTESIAN_POINT ( 'NONE',  ( -1.200000000000000178, 0.1000000000000001860, 0.7000000000000000666 ) ) ;
#989 = EDGE_CURVE ( 'NONE', #1478, #1434, #1662, .T. ) ;
#990 = DIRECTION ( 'NONE',  ( 1.000000000000000000, -0.0000000000000000000, -0.0000000000000000000 ) ) ;
#991 = FACE_OUTER_BOUND ( 'NONE', #1700, .T. ) ;
#992 = FILL_AREA_STYLE ('',( #1154 ) ) ;
#993 = CARTESIAN_POINT ( 'NONE',  ( -0.7123388870028407593, 0.5100000000000000089, 0.08088635735798367643 ) ) ;
#994 = LINE ( 'NONE', #995, #2096 ) ;
#995 = CARTESIAN_POINT ( 'NONE',  ( -0.2500000000000000000, -0.09999999999999982514, -0.7000000000000000666 ) ) ;
#996 = SURFACE_STYLE_USAGE ( .BOTH. , #1658 ) ;
#997 = COLOUR_RGB ( '',0.7921568627450980005, 0.8196078431372548767, 0.9333333333333333481 ) ;
#998 = CARTESIAN_POINT ( 'NONE',  ( -1.479020517156072856, 0.3324061960301129548, 0.6590205171560722386 ) ) ;
#999 = EDGE_CURVE ( 'NONE', #1849, #892, #2696, .T. ) ;
#1000 = FACE_OUTER_BOUND ( 'NONE', #1892, .T. ) ;
#1001 = CARTESIAN_POINT ( 'NONE',  ( 0.4874474377834798200, 0.5100000000000000089, -0.1060794546078696471 ) ) ;
#1002 = SURFACE_STYLE_USAGE ( .BOTH. , #2249 ) ;
#1003 = FACE_OUTER_BOUND ( 'NONE', #1727, .T. ) ;
#1004 = MECHANICAL_DESIGN_GEOMETRIC_PRESENTATION_REPRESENTATION (  '', ( #564 ), #1138 ) ;
#1005 = AXIS2_PLACEMENT_3D ( 'NONE', #2284, #814, #2061 ) ;
#1006 = AXIS2_PLACEMENT_3D ( 'NONE', #1929, #2230, #2630 ) ;
#1007 = B_SPLINE_CURVE_WITH_KNOTS ( 'NONE', 3,
 ( #774, #2029, #2452, #1208, #2664, #1420 ),
 .UNSPECIFIED., .F., .F.,
 ( 4, 1, 1, 4 ),
 ( 0.0000000000000000000, 0.3339230067018965076, 0.6670195031192096558, 0.9999972759991634375 ),
 .UNSPECIFIED. ) ;
#1008 = CARTESIAN_POINT ( 'NONE',  ( -0.5882737160626838602, 0.5100000000000000089, -0.06654954007792490689 ) ) ;
#1009 = SURFACE_STYLE_FILL_AREA ( #2692 ) ;
#1010 = UNCERTAINTY_MEASURE_WITH_UNIT (LENGTH_MEASURE( 1.000000000000000082E-05 ), #2255, 'distance_accuracy_value', 'NONE');
#1011 = SURFACE_STYLE_USAGE ( .BOTH. , #2460 ) ;
#1012 = ORIENTED_EDGE ( 'NONE', *, *, #302, .T. ) ;
#1013 =( NAMED_UNIT ( * ) SI_UNIT ( $, .STERADIAN. ) SOLID_ANGLE_UNIT ( ) );
#1014 = ORIENTED_EDGE ( 'NONE', *, *, #1760, .F. ) ;
#1015 = VERTEX_POINT ( 'NONE', #195 ) ;
#1016 = CARTESIAN_POINT ( 'NONE',  ( -1.520000000000000684, 0.1000000000000000056, -0.7000000000000000666 ) ) ;
#1017 = ORIENTED_EDGE ( 'NONE', *, *, #1365, .T. ) ;
#1018 = CARTESIAN_POINT ( 'NONE',  ( 1.447705937909532947, -0.5100000000000001199, -0.6277059379095325520 ) ) ;
#1019 = CARTESIAN_POINT ( 'NONE',  ( -0.2256502371073276503, 0.5100000000000000089, 0.1657557552658857902 ) ) ;
#1020 = ORIENTED_EDGE ( 'NONE', *, *, #361, .T. ) ;
#1021 = COLOUR_RGB ( '',0.2509803921568627416, 0.2509803921568627416, 0.2509803921568627416 ) ;
#1022 = SURFACE_SIDE_STYLE ('',( #2305 ) ) ;
#1023 = EDGE_CURVE ( 'NONE', #2633, #1790, #1598, .T. ) ;
#1024 = ORIENTED_EDGE ( 'NONE', *, *, #57, .T. ) ;
#1025 = PLANE ( 'NONE',  #231 ) ;
#1026 = CARTESIAN_POINT ( 'NONE',  ( -0.08921622965963668661, 0.5100000000000000089, 0.06174362682392823404 ) ) ;
#1027 = CARTESIAN_POINT ( 'NONE',  ( -0.5283023383841360943, 0.5100000000000000089, 0.1608504187019157150 ) ) ;
#1028 = UNCERTAINTY_MEASURE_WITH_UNIT (LENGTH_MEASURE( 1.000000000000000082E-05 ), #678, 'distance_accuracy_value', 'NONE');
#1029 = CARTESIAN_POINT ( 'NONE',  ( 0.1201597775270697166, 0.5100000000000000089, 0.1578094342810142658 ) ) ;
#1030 = VECTOR ( 'NONE', #2525, 1000.000000000000000 ) ;
#1031 = SURFACE_STYLE_USAGE ( .BOTH. , #1470 ) ;
#1032 = SURFACE_STYLE_FILL_AREA ( #2418 ) ;
#1033 = DIRECTION ( 'NONE',  ( 0.0000000000000000000, 0.9848077530122093526, 0.1736481776669235588 ) ) ;
#1034 = LINE ( 'NONE', #142, #1520 ) ;
#1035 = EDGE_CURVE ( 'NONE', #1790, #1015, #2632, .T. ) ;
#1036 = VECTOR ( 'NONE', #581, 1000.000000000000000 ) ;
#1037 = CARTESIAN_POINT ( 'NONE',  ( 0.03231923265527245070, 0.5100000000000000089, -0.1370623605907847486 ) ) ;
#1038 = LINE ( 'NONE', #781, #2436 ) ;
#1039 =( NAMED_UNIT ( * ) PLANE_ANGLE_UNIT ( ) SI_UNIT ( $, .RADIAN. ) );
#1040 = VERTEX_POINT ( 'NONE', #223 ) ;
#1041 =( GEOMETRIC_REPRESENTATION_CONTEXT ( 3 ) GLOBAL_UNCERTAINTY_ASSIGNED_CONTEXT ( ( #218 ) ) GLOBAL_UNIT_ASSIGNED_CONTEXT ( ( #1879, #1475, #372 ) ) REPRESENTATION_CONTEXT ( 'NONE', 'WORKASPACE' ) );
#1042 = B_SPLINE_CURVE_WITH_KNOTS ( 'NONE', 3,
 ( #171, #2705, #1872, #613, #2081, #824 ),
 .UNSPECIFIED., .F., .F.,
 ( 4, 1, 1, 4 ),
 ( 0.0000000000000000000, 0.3322740371257820735, 0.6635869916146996950, 0.9998516342555485714 ),
 .UNSPECIFIED. ) ;
#1043 = VERTEX_POINT ( 'NONE', #1386 ) ;
#1044 = COLOUR_RGB ( '',0.6470588235294117974, 0.6196078431372549211, 0.5882352941176470784 ) ;
#1045 = DIRECTION ( 'NONE',  ( 0.0000000000000000000, -0.4257970363298793082, -0.9048187022009942515 ) ) ;
#1046 = CARTESIAN_POINT ( 'NONE',  ( -0.6999999999999999556, -0.4100000000000001976, 1.240000000000000213 ) ) ;
#1047 = VERTEX_POINT ( 'NONE', #2063 ) ;
#1048 = CARTESIAN_POINT ( 'NONE',  ( -1.200000000000000178, -0.09999999999999982514, 0.7000000000000000666 ) ) ;
#1049 = VERTEX_POINT ( 'NONE', #770 ) ;
#1050 = ORIENTED_EDGE ( 'NONE', *, *, #1851, .F. ) ;
#1051 =( LENGTH_UNIT ( ) NAMED_UNIT ( * ) SI_UNIT ( .MILLI., .METRE. ) );
#1052 = ORIENTED_EDGE ( 'NONE', *, *, #2196, .F. ) ;
#1053 = VECTOR ( 'NONE', #513, 1000.000000000000000 ) ;
#1054 = PLANE ( 'NONE',  #26 ) ;
#1055 = EDGE_LOOP ( 'NONE', ( #533, #1667, #2115, #1164, #1235, #1573, #224, #117, #1180, #772, #607, #2256, #2638, #1439 ) ) ;
#1056 =( NAMED_UNIT ( * ) SI_UNIT ( $, .STERADIAN. ) SOLID_ANGLE_UNIT ( ) );
#1057 = PRESENTATION_LAYER_ASSIGNMENT (  '', '', ( #762 ) ) ;
#1058 = CARTESIAN_POINT ( 'NONE',  ( -0.5801607352934584627, 0.5100000000000000089, -0.1178315913599752435 ) ) ;
#1059 = STYLED_ITEM ( 'NONE', ( #1093 ), #1572 ) ;
#1060 = CARTESIAN_POINT ( 'NONE',  ( 0.4425756429116849966, 0.5100000000000000089, -0.005194228722641780135 ) ) ;
#1061 = STYLED_ITEM ( 'NONE', ( #2135 ), #71 ) ;
#1062 = PRESENTATION_STYLE_ASSIGNMENT (( #1995 ) ) ;
#1063 = B_SPLINE_CURVE_WITH_KNOTS ( 'NONE', 3,
 ( #1989, #512, #946, #2416, #1165, #2622, #1382, #84 ),
 .UNSPECIFIED., .F., .F.,
 ( 4, 1, 1, 1, 1, 4 ),
 ( 0.0000000000000000000, 0.2009164213260070386, 0.4016165155871377346, 0.6017658490499676605, 0.8009428490857538607, 0.9999984406210480348 ),
 .UNSPECIFIED. ) ;
#1064 = LINE ( 'NONE', #1079, #474 ) ;
#1065 = CARTESIAN_POINT ( 'NONE',  ( -0.4228089724729277576, 0.5100000000000000089, 0.04573010735795115383 ) ) ;
#1066 = SURFACE_STYLE_FILL_AREA ( #713 ) ;
#1067 =( NAMED_UNIT ( * ) SI_UNIT ( $, .STERADIAN. ) SOLID_ANGLE_UNIT ( ) );
#1068 = B_SPLINE_CURVE_WITH_KNOTS ( 'NONE', 3,
 ( #867, #1876, #1569, #760, #2473, #1060, #2618, #1453, #1536, #1408 ),
 .UNSPECIFIED., .F., .F.,
 ( 4, 1, 1, 1, 1, 1, 1, 4 ),
 ( 0.0000000000000000000, 0.1428571428571416835, 0.2857142857142844772, 0.4285714285714278260, 0.5714285714285710638, 0.7142857142857144126, 0.8571428571428574283, 0.9999989999999999712 ),
 .UNSPECIFIED. ) ;
#1069 = DIRECTION ( 'NONE',  ( 1.000000000000000000, 0.0000000000000000000, 0.0000000000000000000 ) ) ;
#1070 =( GEOMETRIC_REPRESENTATION_CONTEXT ( 3 ) GLOBAL_UNCERTAINTY_ASSIGNED_CONTEXT ( ( #2278 ) ) GLOBAL_UNIT_ASSIGNED_CONTEXT ( ( #107, #1850, #2308 ) ) REPRESENTATION_CONTEXT ( 'NONE', 'WORKASPACE' ) );
#1071 = EDGE_CURVE ( 'NONE', #981, #217, #1253, .T. ) ;
#1072 = ORIENTED_EDGE ( 'NONE', *, *, #100, .T. ) ;
#1073 = PLANE ( 'NONE',  #434 ) ;
#1074 =( LENGTH_UNIT ( ) NAMED_UNIT ( * ) SI_UNIT ( .MILLI., .METRE. ) );
#1075 = VERTEX_POINT ( 'NONE', #1037 ) ;
#1076 = AXIS2_PLACEMENT_3D ( 'NONE', #1310, #310, #364 ) ;
#1077 = B_SPLINE_CURVE_WITH_KNOTS ( 'NONE', 3,
 ( #137, #371, #2052, #801, #2272 ),
 .UNSPECIFIED., .F., .F.,
 ( 4, 1, 4 ),
 ( 0.0000000000000000000, 0.4457395070456097730, 1.000000000000000000 ),
 .UNSPECIFIED. ) ;
#1078 = EDGE_LOOP ( 'NONE', ( #897, #645, #1468, #1749, #1447, #2339, #2286, #2706 ) ) ;
#1079 = CARTESIAN_POINT ( 'NONE',  ( -1.520000000000000684, 0.5100000000000000089, 0.7000000000000000666 ) ) ;
#1080 = ORIENTED_EDGE ( 'NONE', *, *, #818, .T. ) ;
#1081 =( NAMED_UNIT ( * ) SI_UNIT ( $, .STERADIAN. ) SOLID_ANGLE_UNIT ( ) );
#1082 = CARTESIAN_POINT ( 'NONE',  ( -1.200000000000000178, 0.0000000000000000000, 0.0000000000000000000 ) ) ;
#1083 = ORIENTED_EDGE ( 'NONE', *, *, #73, .F. ) ;
#1084 = PLANE ( 'NONE',  #1492 ) ;
#1085 = DIRECTION ( 'NONE',  ( 1.000000000000000000, 0.0000000000000000000, 0.0000000000000000000 ) ) ;
#1086 = CARTESIAN_POINT ( 'NONE',  ( 0.6999999999999999556, 0.1000000000000001860, 0.8500000000000000888 ) ) ;
#1087 = EDGE_CURVE ( 'NONE', #2403, #1168, #2554, .T. ) ;
#1088 = CARTESIAN_POINT ( 'NONE',  ( -0.6999999999999999556, -0.09999999999999982514, 0.7230788914346361063 ) ) ;
#1089 = CARTESIAN_POINT ( 'NONE',  ( -0.2500000000000000000, -0.4100000000000001976, -1.240000000000000213 ) ) ;
#1090 = PLANE ( 'NONE',  #1838 ) ;
#1091 = LINE ( 'NONE', #2674, #508 ) ;
#1092 = MECHANICAL_DESIGN_GEOMETRIC_PRESENTATION_REPRESENTATION (  '', ( #655 ), #1231 ) ;
#1093 = PRESENTATION_STYLE_ASSIGNMENT (( #1623 ) ) ;
#1094 = FILL_AREA_STYLE_COLOUR ( '', #345 ) ;
#1095 = VECTOR ( 'NONE', #343, 1000.000000000000000 ) ;
#1096 = LINE ( 'NONE', #1495, #1660 ) ;
#1097 = CARTESIAN_POINT ( 'NONE',  ( 0.4874474377834792649, 0.5100000000000000089, -0.1594982580266747496 ) ) ;
#1098 = CARTESIAN_POINT ( 'NONE',  ( 1.447705937909532947, 0.5100000000000000089, -0.6277059379095324410 ) ) ;
#1099 = VECTOR ( 'NONE', #616, 1000.000000000000000 ) ;
#1100 = VECTOR ( 'NONE', #2441, 1000.000000000000000 ) ;
#1101 = ORIENTED_EDGE ( 'NONE', *, *, #962, .T. ) ;
#1102 = FILL_AREA_STYLE_COLOUR ( '', #1612 ) ;
#1103 = AXIS2_PLACEMENT_3D ( 'NONE', #2291, #1045, #2491 ) ;
#1104 = AXIS2_PLACEMENT_3D ( 'NONE', #1384, #318, #978 ) ;
#1105 = EDGE_CURVE ( 'NONE', #460, #47, #2005, .T. ) ;
#1106 = EDGE_CURVE ( 'NONE', #2176, #637, #2717, .T. ) ;
#1107 = EDGE_LOOP ( 'NONE', ( #1050, #2082, #929, #1500 ) ) ;
#1108 = EDGE_LOOP ( 'NONE', ( #165, #2017, #732, #1020 ) ) ;
#1109 = ORIENTED_EDGE ( 'NONE', *, *, #1252, .F. ) ;
#1110 =( LENGTH_UNIT ( ) NAMED_UNIT ( * ) SI_UNIT ( .MILLI., .METRE. ) );
#1111 = SHAPE_DEFINITION_REPRESENTATION ( #2443, #1905 ) ;
#1112 = ORIENTED_EDGE ( 'NONE', *, *, #1132, .F. ) ;
#1113 = SURFACE_SIDE_STYLE ('',( #1949 ) ) ;
#1114 = CARTESIAN_POINT ( 'NONE',  ( 0.1953801300911599259, 0.5100000000000000089, -0.3037290272574545980 ) ) ;
#1115 = CARTESIAN_POINT ( 'NONE',  ( -0.03178333144728689302, 0.5100000000000000089, -0.04070819392411654386 ) ) ;
#1116 = FILL_AREA_STYLE ('',( #677 ) ) ;
#1117 = EDGE_CURVE ( 'NONE', #370, #600, #886, .T. ) ;
#1118 = VECTOR ( 'NONE', #2523, 1000.000000000000000 ) ;
#1119 =( LENGTH_UNIT ( ) NAMED_UNIT ( * ) SI_UNIT ( .MILLI., .METRE. ) );
#1120 = PRESENTATION_STYLE_ASSIGNMENT (( #1457 ) ) ;
#1121 = EDGE_CURVE ( 'NONE', #1478, #567, #390, .T. ) ;
#1122 = CARTESIAN_POINT ( 'NONE',  ( -0.2500000000000000000, -0.4100000000000001976, -1.240000000000000213 ) ) ;
#1123 = SURFACE_SIDE_STYLE ('',( #1746 ) ) ;
#1124 = STYLED_ITEM ( 'NONE', ( #1320 ), #731 ) ;
#1125 = CARTESIAN_POINT ( 'NONE',  ( 0.5552554296620808572, 0.5100000000000000089, 0.2090914855630849056 ) ) ;
#1126 = FILL_AREA_STYLE_COLOUR ( '', #1186 ) ;
#1127 = ADVANCED_FACE ( 'NONE', ( #825 ), #2329, .F. ) ;
#1128 = CARTESIAN_POINT ( 'NONE',  ( -1.200000000000000178, -0.6100000000000002087, 0.9630788914346360974 ) ) ;
#1129 =( NAMED_UNIT ( * ) PLANE_ANGLE_UNIT ( ) SI_UNIT ( $, .RADIAN. ) );
#1130 = CARTESIAN_POINT ( 'NONE',  ( 1.447705937909532947, 0.5100000000000000089, -0.7000000000000000666 ) ) ;
#1131 = FACE_OUTER_BOUND ( 'NONE', #829, .T. ) ;
#1132 = EDGE_CURVE ( 'NONE', #1858, #892, #626, .T. ) ;
#1133 = DIRECTION ( 'NONE',  ( -0.0000000000000000000, -0.0000000000000000000, 1.000000000000000000 ) ) ;
#1134 = CARTESIAN_POINT ( 'NONE',  ( -0.6121118570883471444, 0.5100000000000000089, -0.2396264631548397084 ) ) ;
#1135 = VERTEX_POINT ( 'NONE', #176 ) ;
#1136 = UNCERTAINTY_MEASURE_WITH_UNIT (LENGTH_MEASURE( 1.000000000000000082E-05 ), #449, 'distance_accuracy_value', 'NONE');
#1137 = ORIENTED_EDGE ( 'NONE', *, *, #722, .F. ) ;
#1138 =( GEOMETRIC_REPRESENTATION_CONTEXT ( 3 ) GLOBAL_UNCERTAINTY_ASSIGNED_CONTEXT ( ( #2064 ) ) GLOBAL_UNIT_ASSIGNED_CONTEXT ( ( #2631, #1388, #92 ) ) REPRESENTATION_CONTEXT ( 'NONE', 'WORKASPACE' ) );
#1139 = CARTESIAN_POINT ( 'NONE',  ( 0.2452599377834820682, 0.5100000000000000089, 0.02429581248614354899 ) ) ;
#1140 = PRESENTATION_LAYER_ASSIGNMENT (  '', '', ( #853 ) ) ;
#1141 = PRESENTATION_LAYER_ASSIGNMENT (  '', '', ( #855 ) ) ;
#1142 = VERTEX_POINT ( 'NONE', #1256 ) ;
#1143 =( LENGTH_UNIT ( ) NAMED_UNIT ( * ) SI_UNIT ( .MILLI., .METRE. ) );
#1144 =( NAMED_UNIT ( * ) PLANE_ANGLE_UNIT ( ) SI_UNIT ( $, .RADIAN. ) );
#1145 = ADVANCED_FACE ( 'NONE', ( #37 ), #1084, .F. ) ;
#1146 = EDGE_LOOP ( 'NONE', ( #2008, #492, #2051, #1372 ) ) ;
#1147 = FACE_OUTER_BOUND ( 'NONE', #299, .T. ) ;
#1148 = CARTESIAN_POINT ( 'NONE',  ( -0.07665512631908240337, 0.5100000000000000089, -0.04090851443693592493 ) ) ;
#1149 = FILL_AREA_STYLE_COLOUR ( '', #2242 ) ;
#1150 = SURFACE_STYLE_USAGE ( .BOTH. , #1176 ) ;
#1151 =( LENGTH_UNIT ( ) NAMED_UNIT ( * ) SI_UNIT ( .MILLI., .METRE. ) );
#1152 = PRESENTATION_STYLE_ASSIGNMENT (( #1200 ) ) ;
#1153 = FACE_OUTER_BOUND ( 'NONE', #1950, .T. ) ;
#1154 = FILL_AREA_STYLE_COLOUR ( '', #575 ) ;
#1155 = CARTESIAN_POINT ( 'NONE',  ( 0.3528320531680896321, 0.5100000000000000089, 0.1663567761613646279 ) ) ;
#1156 = ADVANCED_FACE ( 'NONE', ( #1003 ), #2435, .F. ) ;
#1157 = STYLED_ITEM ( 'NONE', ( #1741 ), #1346 ) ;
#1158 = EDGE_CURVE ( 'NONE', #1883, #2704, #1845, .T. ) ;
#1159 = LINE ( 'NONE', #998, #2271 ) ;
#1160 =( LENGTH_UNIT ( ) NAMED_UNIT ( * ) SI_UNIT ( .MILLI., .METRE. ) );
#1161 = CARTESIAN_POINT ( 'NONE',  ( -0.03178333144728689302, 0.5100000000000000089, -0.04070819392411654386 ) ) ;
#1162 = CARTESIAN_POINT ( 'NONE',  ( 0.6541141044501460611, 0.5100000000000000089, -0.1661088349497461258 ) ) ;
#1163 = LINE ( 'NONE', #515, #1099 ) ;
#1164 = ORIENTED_EDGE ( 'NONE', *, *, #1865, .F. ) ;
#1165 = CARTESIAN_POINT ( 'NONE',  ( -0.3281705857898480905, 0.5100000000000000089, 0.1624410519505933015 ) ) ;
#1166 = CARTESIAN_POINT ( 'NONE',  ( -0.5882737160626838602, 0.5100000000000000089, -0.06654954007792490689 ) ) ;
#1167 = COLOUR_RGB ( '',0.6470588235294117974, 0.6196078431372549211, 0.5882352941176470784 ) ;
#1168 = VERTEX_POINT ( 'NONE', #1886 ) ;
#1169 = PRESENTATION_STYLE_ASSIGNMENT (( #1990 ) ) ;
#1170 =( NAMED_UNIT ( * ) PLANE_ANGLE_UNIT ( ) SI_UNIT ( $, .RADIAN. ) );
#1171 = CARTESIAN_POINT ( 'NONE',  ( 1.200000000000000178, -0.4100000000000001976, 1.090000000000000080 ) ) ;
#1172 = ADVANCED_FACE ( 'NONE', ( #724 ), #1073, .F. ) ;
#1173 = UNCERTAINTY_MEASURE_WITH_UNIT (LENGTH_MEASURE( 1.000000000000000082E-05 ), #2458, 'distance_accuracy_value', 'NONE');
#1174 = VERTEX_POINT ( 'NONE', #1229 ) ;
#1175 = ORIENTED_EDGE ( 'NONE', *, *, #2411, .T. ) ;
#1176 = SURFACE_SIDE_STYLE ('',( #1009 ) ) ;
#1177 = EDGE_CURVE ( 'NONE', #836, #1609, #1096, .T. ) ;
#1178 = SURFACE_STYLE_USAGE ( .BOTH. , #2422 ) ;
#1179 = VERTEX_POINT ( 'NONE', #1058 ) ;
#1180 = ORIENTED_EDGE ( 'NONE', *, *, #1674, .F. ) ;
#1181 = ORIENTED_EDGE ( 'NONE', *, *, #635, .T. ) ;
#1182 = CARTESIAN_POINT ( 'NONE',  ( 1.200000000000000178, 0.0000000000000000000, 0.0000000000000000000 ) ) ;
#1183 = VECTOR ( 'NONE', #2261, 1000.000000000000000 ) ;
#1184 = CARTESIAN_POINT ( 'NONE',  ( 0.2757410958305885340, 0.5100000000000000089, -0.07492738917213132011 ) ) ;
#1185 = ORIENTED_EDGE ( 'NONE', *, *, #931, .F. ) ;
#1186 = COLOUR_RGB ( '',0.6470588235294117974, 0.6196078431372549211, 0.5882352941176470784 ) ;
#1187 = CARTESIAN_POINT ( 'NONE',  ( 1.200000000000000178, -0.6100000000000002087, 0.9630788914346360974 ) ) ;
#1188 = SURFACE_STYLE_FILL_AREA ( #2295 ) ;
#1189 = SURFACE_STYLE_USAGE ( .BOTH. , #2429 ) ;
#1190 = CARTESIAN_POINT ( 'NONE',  ( 0.5622768832250371052, 0.5100000000000000089, -0.02817284542880594753 ) ) ;
#1191 = DIRECTION ( 'NONE',  ( 0.0000000000000000000, -0.0000000000000000000, -1.000000000000000000 ) ) ;
#1192 = SURFACE_SIDE_STYLE ('',( #1994 ) ) ;
#1193 = LINE ( 'NONE', #1048, #2232 ) ;
#1194 =( LENGTH_UNIT ( ) NAMED_UNIT ( * ) SI_UNIT ( .MILLI., .METRE. ) );
#1195 = DIRECTION ( 'NONE',  ( 0.0000000000000000000, 0.0000000000000000000, 1.000000000000000000 ) ) ;
#1196 = MECHANICAL_DESIGN_GEOMETRIC_PRESENTATION_REPRESENTATION (  '', ( #762 ), #1328 ) ;
#1197 = AXIS2_PLACEMENT_3D ( 'NONE', #124, #1901, #1422 ) ;
#1198 = AXIS2_PLACEMENT_3D ( 'NONE', #558, #550, #809 ) ;
#1199 = FACE_OUTER_BOUND ( 'NONE', #454, .T. ) ;
#1200 = SURFACE_STYLE_USAGE ( .BOTH. , #2440 ) ;
#1201 = COLOUR_RGB ( '',0.6470588235294117974, 0.6196078431372549211, 0.5882352941176470784 ) ;
#1202 =( NAMED_UNIT ( * ) SI_UNIT ( $, .STERADIAN. ) SOLID_ANGLE_UNIT ( ) );
#1203 = CARTESIAN_POINT ( 'NONE',  ( 0.2500000000000000000, -0.09999999999999982514, -0.7230788914346361063 ) ) ;
#1204 = CARTESIAN_POINT ( 'NONE',  ( -0.2043594532421548482, 0.5100000000000000089, 0.2219119983835746990 ) ) ;
#1205 = CARTESIAN_POINT ( 'NONE',  ( -0.6999999999999999556, -0.6100000000000002087, 0.9630788914346360974 ) ) ;
#1206 = LINE ( 'NONE', #606, #78 ) ;
#1207 = ORIENTED_EDGE ( 'NONE', *, *, #150, .T. ) ;
#1208 = CARTESIAN_POINT ( 'NONE',  ( -0.6733592402480950145, 0.5100000000000000089, 0.2119762308648965032 ) ) ;
#1209 = DIRECTION ( 'NONE',  ( -0.0000000000000000000, 0.0000000000000000000, -1.000000000000000000 ) ) ;
#1210 = ORIENTED_EDGE ( 'NONE', *, *, #1524, .F. ) ;
#1211 = FILL_AREA_STYLE_COLOUR ( '', #2195 ) ;
#1212 = ORIENTED_EDGE ( 'NONE', *, *, #2327, .T. ) ;
#1213 = CARTESIAN_POINT ( 'NONE',  ( 0.5193987262450104891, 0.5100000000000000089, 0.1578094342810301975 ) ) ;
#1214 = EDGE_CURVE ( 'NONE', #600, #2312, #518, .T. ) ;
#1215 =( NAMED_UNIT ( * ) PLANE_ANGLE_UNIT ( ) SI_UNIT ( $, .RADIAN. ) );
#1216 = LINE ( 'NONE', #162, #577 ) ;
#1217 = B_SPLINE_CURVE_WITH_KNOTS ( 'NONE', 3,
 ( #1162, #2405, #1591, #305, #1787, #520 ),
 .UNSPECIFIED., .F., .F.,
 ( 4, 1, 1, 4 ),
 ( 0.0000000000000000000, 0.2491297301097968875, 0.4989221120042217628, 1.000000000000000000 ),
 .UNSPECIFIED. ) ;
#1218 = FACE_OUTER_BOUND ( 'NONE', #2509, .T. ) ;
#1219 = CARTESIAN_POINT ( 'NONE',  ( -1.200000000000000178, -0.4100000000000001976, 1.090000000000000080 ) ) ;
#1220 = PRESENTATION_LAYER_ASSIGNMENT (  '', '', ( #921 ) ) ;
#1221 = FILL_AREA_STYLE ('',( #1431 ) ) ;
#1222 = DIRECTION ( 'NONE',  ( 0.0000000000000000000, 0.0000000000000000000, 1.000000000000000000 ) ) ;
#1223 = CARTESIAN_POINT ( 'NONE',  ( 0.2750150487625654394, 0.5100000000000000089, -0.2384960053866739260 ) ) ;
#1224 = CARTESIAN_POINT ( 'NONE',  ( -0.7497320493960033527, 0.5100000000000000089, 0.08088635735798889448 ) ) ;
#1225 = SURFACE_STYLE_USAGE ( .BOTH. , #1113 ) ;
#1226 = UNCERTAINTY_MEASURE_WITH_UNIT (LENGTH_MEASURE( 1.000000000000000082E-05 ), #1861, 'distance_accuracy_value', 'NONE');
#1227 = DIRECTION ( 'NONE',  ( 1.000000000000000000, 0.0000000000000000000, -0.0000000000000000000 ) ) ;
#1228 = EDGE_CURVE ( 'NONE', #927, #1755, #2098, .T. ) ;
#1229 = CARTESIAN_POINT ( 'NONE',  ( -0.6121118570883471444, 0.5100000000000000089, -0.2396264631548397084 ) ) ;
#1230 =( GEOMETRIC_REPRESENTATION_CONTEXT ( 3 ) GLOBAL_UNCERTAINTY_ASSIGNED_CONTEXT ( ( #1028 ) ) GLOBAL_UNIT_ASSIGNED_CONTEXT ( ( #678, #1449, #905 ) ) REPRESENTATION_CONTEXT ( 'NONE', 'WORKASPACE' ) );
#1231 =( GEOMETRIC_REPRESENTATION_CONTEXT ( 3 ) GLOBAL_UNCERTAINTY_ASSIGNED_CONTEXT ( ( #362 ) ) GLOBAL_UNIT_ASSIGNED_CONTEXT ( ( #304, #1039, #487 ) ) REPRESENTATION_CONTEXT ( 'NONE', 'WORKASPACE' ) );
#1232 = CARTESIAN_POINT ( 'NONE',  ( 0.7374474377834732142, 0.5100000000000000089, 0.06716440222975368635 ) ) ;
#1233 =( NAMED_UNIT ( * ) SI_UNIT ( $, .STERADIAN. ) SOLID_ANGLE_UNIT ( ) );
#1234 = LINE ( 'NONE', #1491, #2468 ) ;
#1235 = ORIENTED_EDGE ( 'NONE', *, *, #233, .F. ) ;
#1236 = CARTESIAN_POINT ( 'NONE',  ( 0.1977172027407431421, 0.5100000000000000089, 0.1578094342810163475 ) ) ;
#1237 = VERTEX_POINT ( 'NONE', #1911 ) ;
#1238 = DIRECTION ( 'NONE',  ( -0.1736481776669238086, -0.9848077530122092416, 0.0000000000000000000 ) ) ;
#1239 = CARTESIAN_POINT ( 'NONE',  ( -0.4420397417037269516, 0.5100000000000000089, -0.2396264631548582769 ) ) ;
#1240 = VERTEX_POINT ( 'NONE', #627 ) ;
#1241 = ORIENTED_EDGE ( 'NONE', *, *, #1728, .T. ) ;
#1242 = ORIENTED_EDGE ( 'NONE', *, *, #384, .F. ) ;
#1243 = CARTESIAN_POINT ( 'NONE',  ( 0.4425756429116745050, 0.5100000000000000089, 0.2090914855630793268 ) ) ;
#1244 = CARTESIAN_POINT ( 'NONE',  ( -1.200000000000000178, -0.4100000000000001976, 1.090000000000000080 ) ) ;
#1245 =( NAMED_UNIT ( * ) PLANE_ANGLE_UNIT ( ) SI_UNIT ( $, .RADIAN. ) );
#1246 = ORIENTED_EDGE ( 'NONE', *, *, #1392, .T. ) ;
#1247 = ORIENTED_EDGE ( 'NONE', *, *, #1717, .F. ) ;
#1248 = PRESENTATION_LAYER_ASSIGNMENT (  '', '', ( #958 ) ) ;
#1249 = FILL_AREA_STYLE ('',( #1808 ) ) ;
#1250 = PRESENTATION_LAYER_ASSIGNMENT (  '', '', ( #960 ) ) ;
#1251 = EDGE_CURVE ( 'NONE', #2442, #1979, #791, .T. ) ;
#1252 = EDGE_CURVE ( 'NONE', #2292, #736, #2695, .T. ) ;
#1253 = B_SPLINE_CURVE_WITH_KNOTS ( 'NONE', 3,
 ( #2165, #1805, #12, #1184, #531, #2133, #545 ),
 .UNSPECIFIED., .F., .F.,
 ( 4, 1, 1, 1, 4 ),
 ( 0.0000000000000000000, 0.2194014366387133375, 0.4391497724136299574, 0.6594583839800978176, 1.000000000000000000 ),
 .UNSPECIFIED. ) ;
#1254 = PLANE ( 'NONE',  #1931 ) ;
#1255 = VECTOR ( 'NONE', #2388, 1000.000000000000000 ) ;
#1256 = CARTESIAN_POINT ( 'NONE',  ( 0.01308846342450540289, 0.5100000000000000089, 0.2090914855630634783 ) ) ;
#1257 = CARTESIAN_POINT ( 'NONE',  ( 0.05475496028256699593, 0.5100000000000000089, -0.1370623605907848874 ) ) ;
#1258 = LINE ( 'NONE', #173, #619 ) ;
#1259 = B_SPLINE_CURVE_WITH_KNOTS ( 'NONE', 3,
 ( #1239, #2723, #1958, #1906, #498 ),
 .UNSPECIFIED., .F., .F.,
 ( 4, 1, 4 ),
 ( 0.0000000000000000000, 0.5000000000000005551, 0.9999902499999999694 ),
 .UNSPECIFIED. ) ;
#1260 = SURFACE_STYLE_FILL_AREA ( #951 ) ;
#1261 = SURFACE_SIDE_STYLE ('',( #2547 ) ) ;
#1262 =( LENGTH_UNIT ( ) NAMED_UNIT ( * ) SI_UNIT ( .MILLI., .METRE. ) );
#1263 = EDGE_CURVE ( 'NONE', #530, #1015, #1034, .T. ) ;
#1264 = CARTESIAN_POINT ( 'NONE',  ( 0.6999999999999999556, 0.1000000000000001860, 0.7000000000000000666 ) ) ;
#1265 = CARTESIAN_POINT ( 'NONE',  ( 0.5483448736809141133, 0.5100000000000000089, -0.2396264631548802593 ) ) ;
#1266 = AXIS2_PLACEMENT_3D ( 'NONE', #1585, #755, #1996 ) ;
#1267 = B_SPLINE_CURVE_WITH_KNOTS ( 'NONE', 3,
 ( #2400, #1875, #127, #697, #1301, #1832 ),
 .UNSPECIFIED., .F., .F.,
 ( 4, 1, 1, 4 ),
 ( 0.0000000000000000000, 0.5005191093579910433, 0.7501354752155999783, 0.9999962769575168053 ),
 .UNSPECIFIED. ) ;
#1268 = STYLED_ITEM ( 'NONE', ( #1062 ), #1967 ) ;
#1269 = ORIENTED_EDGE ( 'NONE', *, *, #1314, .F. ) ;
#1270 = CARTESIAN_POINT ( 'NONE',  ( 0.1827093770675740914, 0.5100000000000000089, 0.09105313629263298014 ) ) ;
#1271 = LINE ( 'NONE', #101, #1404 ) ;
#1272 = ORIENTED_EDGE ( 'NONE', *, *, #1851, .T. ) ;
#1273 = CARTESIAN_POINT ( 'NONE',  ( -0.6927519924159618592, 0.5100000000000000089, -0.06868629221466378276 ) ) ;
#1274 = ORIENTED_EDGE ( 'NONE', *, *, #1928, .T. ) ;
#1275 = ORIENTED_EDGE ( 'NONE', *, *, #794, .T. ) ;
#1276 = DIRECTION ( 'NONE',  ( -0.0000000000000000000, 1.000000000000000000, -0.0000000000000000000 ) ) ;
#1277 = ORIENTED_EDGE ( 'NONE', *, *, #1601, .T. ) ;
#1278 = DIRECTION ( 'NONE',  ( 0.0000000000000000000, -1.000000000000000000, 0.0000000000000000000 ) ) ;
#1279 = VERTEX_POINT ( 'NONE', #2687 ) ;
#1280 = DIRECTION ( 'NONE',  ( 0.0000000000000000000, -1.000000000000000000, -0.0000000000000000000 ) ) ;
#1281 = EDGE_CURVE ( 'NONE', #363, #16, #388, .T. ) ;
#1282 = CARTESIAN_POINT ( 'NONE',  ( 0.6044088757659084044, 0.5100000000000000089, 0.2066876735116804087 ) ) ;
#1283 = FILL_AREA_STYLE ('',( #1425 ) ) ;
#1284 = MECHANICAL_DESIGN_GEOMETRIC_PRESENTATION_REPRESENTATION (  '', ( #853 ), #1427 ) ;
#1285 = SURFACE_SIDE_STYLE ('',( #705 ) ) ;
#1286 = MECHANICAL_DESIGN_GEOMETRIC_PRESENTATION_REPRESENTATION (  '', ( #855 ), #1428 ) ;
#1287 = VERTEX_POINT ( 'NONE', #355 ) ;
#1288 = SURFACE_STYLE_FILL_AREA ( #2138 ) ;
#1289 = CARTESIAN_POINT ( 'NONE',  ( -1.447705937909532947, -0.5100000000000002309, 0.6277059379095323299 ) ) ;
#1290 = COLOUR_RGB ( '',0.6470588235294117974, 0.6196078431372549211, 0.5882352941176470784 ) ;
#1291 = CARTESIAN_POINT ( 'NONE',  ( 0.2500000000000000000, -0.4100000000000001976, -1.090000000000000080 ) ) ;
#1292 = CARTESIAN_POINT ( 'NONE',  ( 0.6321686414515668151, 0.5100000000000000089, 0.1575041138425943010 ) ) ;
#1293 = DIRECTION ( 'NONE',  ( 1.000000000000000000, -0.0000000000000000000, -0.0000000000000000000 ) ) ;
#1294 = DIRECTION ( 'NONE',  ( 0.0000000000000000000, -1.000000000000000000, 0.0000000000000000000 ) ) ;
#1295 = PRESENTATION_STYLE_ASSIGNMENT (( #167 ) ) ;
#1296 = DIRECTION ( 'NONE',  ( -0.0000000000000000000, -0.0000000000000000000, 1.000000000000000000 ) ) ;
#1297 = COLOUR_RGB ( '',0.6470588235294117974, 0.6196078431372549211, 0.5882352941176470784 ) ;
#1298 = FILL_AREA_STYLE ('',( #2535 ) ) ;
#1299 = AXIS2_PLACEMENT_3D ( 'NONE', #506, #2201, #2194 ) ;
#1300 = EDGE_CURVE ( 'NONE', #1753, #1237, #448, .T. ) ;
#1301 = CARTESIAN_POINT ( 'NONE',  ( 0.6526222880635086376, 0.5100000000000000089, -0.1784132634821673780 ) ) ;
#1302 = CARTESIAN_POINT ( 'NONE',  ( 0.06971205543122904746, 0.5100000000000000089, -0.1370623605907849707 ) ) ;
#1303 = ORIENTED_EDGE ( 'NONE', *, *, #2093, .T. ) ;
#1304 = ORIENTED_EDGE ( 'NONE', *, *, #2093, .F. ) ;
#1305 = CARTESIAN_POINT ( 'NONE',  ( -0.6999999999999999556, -0.6100000000000002087, 1.240000000000000213 ) ) ;
#1306 = EDGE_LOOP ( 'NONE', ( #1307, #1847, #230, #894, #125, #1471, #1242 ) ) ;
#1307 = ORIENTED_EDGE ( 'NONE', *, *, #1443, .F. ) ;
#1308 = ORIENTED_EDGE ( 'NONE', *, *, #398, .F. ) ;
#1309 = ORIENTED_EDGE ( 'NONE', *, *, #1121, .F. ) ;
#1310 = CARTESIAN_POINT ( 'NONE',  ( -0.2500000000000000000, 0.0000000000000000000, 0.0000000000000000000 ) ) ;
#1311 = FILL_AREA_STYLE_COLOUR ( '', #1444 ) ;
#1312 = CARTESIAN_POINT ( 'NONE',  ( 0.4874474377834723260, 0.5100000000000000089, 0.1578094342810286155 ) ) ;
#1313 = APPLICATION_CONTEXT ( 'automotive_design' ) ;
#1314 = EDGE_CURVE ( 'NONE', #2600, #836, #2065, .T. ) ;
#1315 = ORIENTED_EDGE ( 'NONE', *, *, #2428, .F. ) ;
#1316 = DIRECTION ( 'NONE',  ( 0.0000000000000000000, 0.9048187022009942515, -0.4257970363298793082 ) ) ;
#1317 = LINE ( 'NONE', #2116, #2057 ) ;
#1318 = STYLED_ITEM ( 'NONE', ( #484 ), #688 ) ;
#1319 = FACE_OUTER_BOUND ( 'NONE', #83, .T. ) ;
#1320 = PRESENTATION_STYLE_ASSIGNMENT (( #996 ) ) ;
#1321 =( NAMED_UNIT ( * ) SI_UNIT ( $, .STERADIAN. ) SOLID_ANGLE_UNIT ( ) );
#1322 = VECTOR ( 'NONE', #739, 1000.000000000000000 ) ;
#1323 = APPLICATION_PROTOCOL_DEFINITION ( 'draft international standard', 'automotive_design', 1998, #1313 ) ;
#1324 = SURFACE_SIDE_STYLE ('',( #623 ) ) ;
#1325 = SURFACE_STYLE_FILL_AREA ( #189 ) ;
#1326 = SURFACE_STYLE_USAGE ( .BOTH. , #2569 ) ;
#1327 = VERTEX_POINT ( 'NONE', #712 ) ;
#1328 =( GEOMETRIC_REPRESENTATION_CONTEXT ( 3 ) GLOBAL_UNCERTAINTY_ASSIGNED_CONTEXT ( ( #279 ) ) GLOBAL_UNIT_ASSIGNED_CONTEXT ( ( #1110, #2557, #1321 ) ) REPRESENTATION_CONTEXT ( 'NONE', 'WORKASPACE' ) );
#1329 = PRESENTATION_LAYER_ASSIGNMENT (  '', '', ( #1059 ) ) ;
#1330 = PRESENTATION_LAYER_ASSIGNMENT (  '', '', ( #1061 ) ) ;
#1331 = ORIENTED_EDGE ( 'NONE', *, *, #1132, .T. ) ;
#1332 = DIRECTION ( 'NONE',  ( -0.0000000000000000000, -0.0000000000000000000, 1.000000000000000000 ) ) ;
#1333 = CARTESIAN_POINT ( 'NONE',  ( -1.200000000000000178, 0.1000000000000001860, 0.8500000000000000888 ) ) ;
#1334 = ADVANCED_FACE ( 'NONE', ( #315, #2000, #2492, #1935, #1461 ), #2658, .F. ) ;
#1335 = ORIENTED_EDGE ( 'NONE', *, *, #241, .T. ) ;
#1336 = EDGE_LOOP ( 'NONE', ( #1410, #396, #1943, #1405 ) ) ;
#1337 = SURFACE_SIDE_STYLE ('',( #1731 ) ) ;
#1338 = LINE ( 'NONE', #269, #2085 ) ;
#1339 = UNCERTAINTY_MEASURE_WITH_UNIT (LENGTH_MEASURE( 1.000000000000000082E-05 ), #2641, 'distance_accuracy_value', 'NONE');
#1340 = ORIENTED_EDGE ( 'NONE', *, *, #1263, .T. ) ;
#1341 = SURFACE_STYLE_USAGE ( .BOTH. , #2582 ) ;
#1342 = CARTESIAN_POINT ( 'NONE',  ( -1.200000000000000178, 0.1000000000000001860, 0.8500000000000000888 ) ) ;
#1343 = SURFACE_SIDE_STYLE ('',( #2663 ) ) ;
#1344 = CARTESIAN_POINT ( 'NONE',  ( 0.07719102752706756554, 0.5100000000000000089, -0.1370623605907849984 ) ) ;
#1345 = CARTESIAN_POINT ( 'NONE',  ( 0.2500000000000000000, 0.1000000000000001860, -0.7000000000000000666 ) ) ;
#1346 = ADVANCED_FACE ( 'NONE', ( #1199 ), #109, .F. ) ;
#1347 = STYLED_ITEM ( 'NONE', ( #424 ), #1156 ) ;
#1348 = EDGE_CURVE ( 'NONE', #703, #1699, #1267, .T. ) ;
#1349 = CARTESIAN_POINT ( 'NONE',  ( 0.2769944397477104858, 0.5100000000000000089, -0.009791257284639604680 ) ) ;
#1350 = CARTESIAN_POINT ( 'NONE',  ( -0.09558541478061699515, 0.5100000000000000089, 0.08479260735793495152 ) ) ;
#1351 = VECTOR ( 'NONE', #2684, 1000.000000000000000 ) ;
#1352 =( NAMED_UNIT ( * ) PLANE_ANGLE_UNIT ( ) SI_UNIT ( $, .RADIAN. ) );
#1353 = MECHANICAL_DESIGN_GEOMETRIC_PRESENTATION_REPRESENTATION (  '', ( #921 ), #1497 ) ;
#1354 = PRESENTATION_STYLE_ASSIGNMENT (( #2374 ) ) ;
#1355 = UNCERTAINTY_MEASURE_WITH_UNIT (LENGTH_MEASURE( 1.000000000000000082E-05 ), #1151, 'distance_accuracy_value', 'NONE');
#1356 = CARTESIAN_POINT ( 'NONE',  ( -0.4420397417037342791, 0.5100000000000000089, -0.2909085144369082387 ) ) ;
#1357 = VECTOR ( 'NONE', #2145, 1000.000000000000000 ) ;
#1358 =( NAMED_UNIT ( * ) SI_UNIT ( $, .STERADIAN. ) SOLID_ANGLE_UNIT ( ) );
#1359 = CARTESIAN_POINT ( 'NONE',  ( 1.479020517156072856, 0.3324061960301129548, 0.6590205171560722386 ) ) ;
#1360 = FILL_AREA_STYLE_COLOUR ( '', #2390 ) ;
#1361 = FACE_OUTER_BOUND ( 'NONE', #2478, .T. ) ;
#1362 = SURFACE_STYLE_USAGE ( .BOTH. , #1771 ) ;
#1363 = ADVANCED_FACE ( 'NONE', ( #1000 ), #2206, .F. ) ;
#1364 = ORIENTED_EDGE ( 'NONE', *, *, #1252, .T. ) ;
#1365 = EDGE_CURVE ( 'NONE', #16, #659, #211, .T. ) ;
#1366 = ORIENTED_EDGE ( 'NONE', *, *, #931, .T. ) ;
#1367 = ORIENTED_EDGE ( 'NONE', *, *, #1772, .F. ) ;
#1368 = AXIS2_PLACEMENT_3D ( 'NONE', #129, #1632, #357 ) ;
#1369 =( NAMED_UNIT ( * ) SI_UNIT ( $, .STERADIAN. ) SOLID_ANGLE_UNIT ( ) );
#1370 = DIRECTION ( 'NONE',  ( 0.0000000000000000000, -0.9048187022009942515, 0.4257970363298793082 ) ) ;
#1371 = FILL_AREA_STYLE ('',( #788 ) ) ;
#1372 = ORIENTED_EDGE ( 'NONE', *, *, #2524, .T. ) ;
#1373 = CARTESIAN_POINT ( 'NONE',  ( 0.5777919890655185409, 0.5100000000000000089, 0.2090914855630860436 ) ) ;
#1374 = LINE ( 'NONE', #2604, #871 ) ;
#1375 = VERTEX_POINT ( 'NONE', #2095 ) ;
#1376 = SURFACE_SIDE_STYLE ('',( #790 ) ) ;
#1377 = SURFACE_SIDE_STYLE ('',( #1913 ) ) ;
#1378 = PRESENTATION_STYLE_ASSIGNMENT (( #1002 ) ) ;
#1379 = ORIENTED_EDGE ( 'NONE', *, *, #1541, .F. ) ;
#1380 = ADVANCED_FACE ( 'NONE', ( #1843 ), #67, .T. ) ;
#1381 = COLOUR_RGB ( '',0.6470588235294117974, 0.6196078431372549211, 0.5882352941176470784 ) ;
#1382 = CARTESIAN_POINT ( 'NONE',  ( -0.2277595642918106844, 0.5100000000000000089, 0.2187807804381286803 ) ) ;
#1383 = CARTESIAN_POINT ( 'NONE',  ( 0.4588353245356150412, 0.5100000000000000089, -0.2909085144369357723 ) ) ;
#1384 = CARTESIAN_POINT ( 'NONE',  ( 0.2500000000000000000, 0.0000000000000000000, 0.0000000000000000000 ) ) ;
#1385 = CARTESIAN_POINT ( 'NONE',  ( 0.2500000000000000000, -0.6100000000000002087, -0.9630788914346360974 ) ) ;
#1386 = CARTESIAN_POINT ( 'NONE',  ( -0.6471679468319450068, 0.5100000000000000089, -0.2909085144368850906 ) ) ;
#1387 = PLANE ( 'NONE',  #1654 ) ;
#1388 =( NAMED_UNIT ( * ) PLANE_ANGLE_UNIT ( ) SI_UNIT ( $, .RADIAN. ) );
#1389 = MECHANICAL_DESIGN_GEOMETRIC_PRESENTATION_REPRESENTATION (  '', ( #958 ), #1522 ) ;
#1390 = MECHANICAL_DESIGN_GEOMETRIC_PRESENTATION_REPRESENTATION (  '', ( #960 ), #1523 ) ;
#1391 = EDGE_CURVE ( 'NONE', #1438, #2176, #2200, .T. ) ;
#1392 = EDGE_CURVE ( 'NONE', #2505, #295, #1656, .T. ) ;
#1393 = DIRECTION ( 'NONE',  ( -0.0000000000000000000, 0.0000000000000000000, -1.000000000000000000 ) ) ;
#1394 = CARTESIAN_POINT ( 'NONE',  ( 0.5483448736809141133, 0.5100000000000000089, -0.2396264631548802593 ) ) ;
#1395 =( NAMED_UNIT ( * ) PLANE_ANGLE_UNIT ( ) SI_UNIT ( $, .RADIAN. ) );
#1396 = COLOUR_RGB ( '',0.2509803921568627416, 0.2509803921568627416, 0.2509803921568627416 ) ;
#1397 = CARTESIAN_POINT ( 'NONE',  ( 1.520000000000000684, -0.1000000000000000056, -0.7000000000000000666 ) ) ;
#1398 = CARTESIAN_POINT ( 'NONE',  ( 0.2500000000000000000, 0.1000000000000001860, -0.7000000000000000666 ) ) ;
#1399 =( NAMED_UNIT ( * ) PLANE_ANGLE_UNIT ( ) SI_UNIT ( $, .RADIAN. ) );
#1400 = COLOUR_RGB ( '',0.2509803921568627416, 0.2509803921568627416, 0.2509803921568627416 ) ;
#1401 = CARTESIAN_POINT ( 'NONE',  ( 0.2500000000000000000, -0.09999999999999982514, -0.7000000000000000666 ) ) ;
#1402 = CARTESIAN_POINT ( 'NONE',  ( -0.6713480526544169935, 0.5100000000000000089, 0.1591359180048654010 ) ) ;
#1403 = ORIENTED_EDGE ( 'NONE', *, *, #952, .F. ) ;
#1404 = VECTOR ( 'NONE', #701, 1000.000000000000000 ) ;
#1405 = ORIENTED_EDGE ( 'NONE', *, *, #1795, .F. ) ;
#1406 = CARTESIAN_POINT ( 'NONE',  ( 0.6999999999999999556, 0.1000000000000001860, 0.7000000000000000666 ) ) ;
#1407 = EDGE_CURVE ( 'NONE', #659, #740, #2199, .T. ) ;
#1408 = CARTESIAN_POINT ( 'NONE',  ( 0.4425756429116745050, 0.5100000000000000089, 0.2090914855630793268 ) ) ;
#1409 = SURFACE_SIDE_STYLE ('',( #2682 ) ) ;
#1410 = ORIENTED_EDGE ( 'NONE', *, *, #864, .T. ) ;
#1411 = VERTEX_POINT ( 'NONE', #2 ) ;
#1412 =( NAMED_UNIT ( * ) PLANE_ANGLE_UNIT ( ) SI_UNIT ( $, .RADIAN. ) );
#1413 = PRESENTATION_LAYER_ASSIGNMENT (  '', '', ( #1124 ) ) ;
#1414 = AXIS2_PLACEMENT_3D ( 'NONE', #1584, #296, #1778 ) ;
#1415 = PRESENTATION_STYLE_ASSIGNMENT (( #1225 ) ) ;
#1416 =( LENGTH_UNIT ( ) NAMED_UNIT ( * ) SI_UNIT ( .MILLI., .METRE. ) );
#1417 = ORIENTED_EDGE ( 'NONE', *, *, #1964, .T. ) ;
#1418 = CARTESIAN_POINT ( 'NONE',  ( 0.1736186759435012217, 0.5100000000000000089, -0.3015807305338502609 ) ) ;
#1419 = CARTESIAN_POINT ( 'NONE',  ( -0.7272959804378724691, 0.5100000000000000089, 0.08088635735798574422 ) ) ;
#1420 = CARTESIAN_POINT ( 'NONE',  ( -0.5971879788831718772, 0.5100000000000000089, 0.2219119983836046750 ) ) ;
#1421 = COLOUR_RGB ( '',0.6470588235294117974, 0.6196078431372549211, 0.5882352941176470784 ) ;
#1422 = DIRECTION ( 'NONE',  ( 0.0000000000000000000, -0.0000000000000000000, -1.000000000000000000 ) ) ;
#1423 = EDGE_CURVE ( 'NONE', #1571, #1858, #514, .T. ) ;
#1424 = VECTOR ( 'NONE', #1840, 1000.000000000000000 ) ;
#1425 = FILL_AREA_STYLE_COLOUR ( '', #795 ) ;
#1426 = STYLED_ITEM ( 'NONE', ( #126 ), #2587 ) ;
#1427 =( GEOMETRIC_REPRESENTATION_CONTEXT ( 3 ) GLOBAL_UNCERTAINTY_ASSIGNED_CONTEXT ( ( #166 ) ) GLOBAL_UNIT_ASSIGNED_CONTEXT ( ( #373, #1647, #140 ) ) REPRESENTATION_CONTEXT ( 'NONE', 'WORKASPACE' ) );
#1428 =( GEOMETRIC_REPRESENTATION_CONTEXT ( 3 ) GLOBAL_UNCERTAINTY_ASSIGNED_CONTEXT ( ( #813 ) ) GLOBAL_UNIT_ASSIGNED_CONTEXT ( ( #2023, #922, #692 ) ) REPRESENTATION_CONTEXT ( 'NONE', 'WORKASPACE' ) );
#1429 = B_SPLINE_CURVE_WITH_KNOTS ( 'NONE', 3,
 ( #75, #382, #326, #941, #45 ),
 .UNSPECIFIED., .F., .F.,
 ( 4, 1, 4 ),
 ( 0.0000000000000000000, 0.4417382461843660235, 0.9999969634096206317 ),
 .UNSPECIFIED. ) ;
#1430 = CARTESIAN_POINT ( 'NONE',  ( -1.200000000000000178, 0.1000000000000001860, 0.7000000000000000666 ) ) ;
#1431 = FILL_AREA_STYLE_COLOUR ( '', #1290 ) ;
#1432 = CARTESIAN_POINT ( 'NONE',  ( 0.3464217967578378521, 0.5100000000000000089, -0.1550912067446278408 ) ) ;
#1433 = CARTESIAN_POINT ( 'NONE',  ( 0.3015500018860431397, 0.5100000000000000089, -0.1510847964882187922 ) ) ;
#1434 = VERTEX_POINT ( 'NONE', #965 ) ;
#1435 = FILL_AREA_STYLE_COLOUR ( '', #268 ) ;
#1436 = PLANE ( 'NONE',  #1266 ) ;
#1437 = ORIENTED_EDGE ( 'NONE', *, *, #1631, .T. ) ;
#1438 = VERTEX_POINT ( 'NONE', #203 ) ;
#1439 = ORIENTED_EDGE ( 'NONE', *, *, #2746, .F. ) ;
#1440 = ORIENTED_EDGE ( 'NONE', *, *, #398, .T. ) ;
#1441 = SURFACE_SIDE_STYLE ('',( #2393 ) ) ;
#1442 = PRESENTATION_LAYER_ASSIGNMENT (  '', '', ( #1157 ) ) ;
#1443 = EDGE_CURVE ( 'NONE', #2151, #862, #1429, .T. ) ;
#1444 = COLOUR_RGB ( '',0.2509803921568627416, 0.2509803921568627416, 0.2509803921568627416 ) ;
#1445 = CARTESIAN_POINT ( 'NONE',  ( 0.3528320531680864680, 0.5100000000000000089, 0.2090914855630752467 ) ) ;
#1446 = VECTOR ( 'NONE', #1770, 1000.000000000000000 ) ;
#1447 = ORIENTED_EDGE ( 'NONE', *, *, #1423, .T. ) ;
#1448 = SURFACE_SIDE_STYLE ('',( #205 ) ) ;
#1449 =( NAMED_UNIT ( * ) PLANE_ANGLE_UNIT ( ) SI_UNIT ( $, .RADIAN. ) );
#1450 = FILL_AREA_STYLE_COLOUR ( '', #1488 ) ;
#1451 = ORIENTED_EDGE ( 'NONE', *, *, #1391, .T. ) ;
#1452 = CARTESIAN_POINT ( 'NONE',  ( -1.200000000000000178, -0.09999999999999982514, 0.7000000000000000666 ) ) ;
#1453 = CARTESIAN_POINT ( 'NONE',  ( 0.4425756429116795565, 0.5100000000000000089, 0.1376629141345056817 ) ) ;
#1454 = FILL_AREA_STYLE_COLOUR ( '', #2534 ) ;
#1455 = CARTESIAN_POINT ( 'NONE',  ( -0.6999999999999999556, -0.4100000000000001976, 1.240000000000000213 ) ) ;
#1456 = PRESENTATION_STYLE_ASSIGNMENT (( #2433 ) ) ;
#1457 = SURFACE_STYLE_USAGE ( .BOTH. , #164 ) ;
#1458 = EDGE_CURVE ( 'NONE', #2595, #1609, #447, .T. ) ;
#1459 = CARTESIAN_POINT ( 'NONE',  ( 0.3424576965956748209, 0.5100000000000000089, -0.1812015197725465321 ) ) ;
#1460 = FILL_AREA_STYLE_COLOUR ( '', #2398 ) ;
#1461 = FACE_OUTER_BOUND ( 'NONE', #1472, .T. ) ;
#1462 = AXIS2_PLACEMENT_3D ( 'NONE', #282, #552, #253 ) ;
#1463 = B_SPLINE_CURVE_WITH_KNOTS ( 'NONE', 3,
 ( #1065, #624, #1687, #182, #1476, #2720 ),
 .UNSPECIFIED., .F., .F.,
 ( 4, 1, 1, 4 ),
 ( 0.0000000000000000000, 0.3338378434058665301, 0.6668915426025838755, 0.9999933659744693060 ),
 .UNSPECIFIED. ) ;
#1464 = CARTESIAN_POINT ( 'NONE',  ( -0.2028570493960005772, 0.5100000000000000089, 0.1706299471015247926 ) ) ;
#1465 = PRESENTATION_STYLE_ASSIGNMENT (( #2527 ) ) ;
#1466 = VERTEX_POINT ( 'NONE', #1793 ) ;
#1467 = DIRECTION ( 'NONE',  ( 0.0000000000000000000, 0.0000000000000000000, 1.000000000000000000 ) ) ;
#1468 = ORIENTED_EDGE ( 'NONE', *, *, #1121, .T. ) ;
#1469 = CARTESIAN_POINT ( 'NONE',  ( -0.4680487603532007546, 0.5100000000000000089, 0.1755224147838472248 ) ) ;
#1470 = SURFACE_SIDE_STYLE ('',( #2378 ) ) ;
#1471 = ORIENTED_EDGE ( 'NONE', *, *, #2180, .F. ) ;
#1472 = EDGE_LOOP ( 'NONE', ( #1379, #2175, #540, #331 ) ) ;
#1473 =( LENGTH_UNIT ( ) NAMED_UNIT ( * ) SI_UNIT ( .MILLI., .METRE. ) );
#1474 = ORIENTED_EDGE ( 'NONE', *, *, #193, .T. ) ;
#1475 =( NAMED_UNIT ( * ) PLANE_ANGLE_UNIT ( ) SI_UNIT ( $, .RADIAN. ) );
#1476 = CARTESIAN_POINT ( 'NONE',  ( -0.5518594900949301829, 0.5100000000000000089, -0.1140181756694687576 ) ) ;
#1477 =( LENGTH_UNIT ( ) NAMED_UNIT ( * ) SI_UNIT ( .MILLI., .METRE. ) );
#1478 = VERTEX_POINT ( 'NONE', #532 ) ;
#1479 = MECHANICAL_DESIGN_GEOMETRIC_PRESENTATION_REPRESENTATION (  '', ( #1059 ), #1620 ) ;
#1480 = MECHANICAL_DESIGN_GEOMETRIC_PRESENTATION_REPRESENTATION (  '', ( #1061 ), #1621 ) ;
#1481 = COLOUR_RGB ( '',0.6470588235294117974, 0.6196078431372549211, 0.5882352941176470784 ) ;
#1482 = B_SPLINE_CURVE_WITH_KNOTS ( 'NONE', 3,
 ( #1161, #2417, #1707, #950, #2639, #1608, #599, #1672 ),
 .UNSPECIFIED., .F., .F.,
 ( 4, 1, 1, 1, 1, 4 ),
 ( 0.0000000000000000000, 0.2008557737590346559, 0.4014440147503818834, 0.6016285013387268066, 0.8009173852602800014, 1.000000000000000000 ),
 .UNSPECIFIED. ) ;
#1483 = CARTESIAN_POINT ( 'NONE',  ( 0.2452599377834820682, 0.5100000000000000089, 0.02429581248614354899 ) ) ;
#1484 = PLANE ( 'NONE',  #2486 ) ;
#1485 = CARTESIAN_POINT ( 'NONE',  ( -0.6642619639259500497, 0.5100000000000000089, -0.2075751811035517203 ) ) ;
#1486 = LINE ( 'NONE', #219, #911 ) ;
#1487 = CARTESIAN_POINT ( 'NONE',  ( -1.200000000000000178, 0.1000000000000001860, 0.7000000000000000666 ) ) ;
#1488 = COLOUR_RGB ( '',0.6470588235294117974, 0.6196078431372549211, 0.5882352941176470784 ) ;
#1489 = VECTOR ( 'NONE', #783, 1000.000000000000000 ) ;
#1490 = CARTESIAN_POINT ( 'NONE',  ( 0.3528320531680864680, 0.5100000000000000089, 0.2090914855630752467 ) ) ;
#1491 = CARTESIAN_POINT ( 'NONE',  ( 1.200000000000000178, -0.09999999999999982514, 0.7000000000000000666 ) ) ;
#1492 = AXIS2_PLACEMENT_3D ( 'NONE', #1203, #1866, #184 ) ;
#1493 = EDGE_CURVE ( 'NONE', #2367, #2633, #2062, .T. ) ;
#1494 = MANIFOLD_SOLID_BREP ( 'Boss-Extrude2', #1636 ) ;
#1495 = CARTESIAN_POINT ( 'NONE',  ( 1.200000000000000178, -0.6100000000000002087, 0.9630788914346360974 ) ) ;
#1496 = CARTESIAN_POINT ( 'NONE',  ( -0.7048602545242084183, 0.5100000000000000089, 0.08088635735798264947 ) ) ;
#1497 =( GEOMETRIC_REPRESENTATION_CONTEXT ( 3 ) GLOBAL_UNCERTAINTY_ASSIGNED_CONTEXT ( ( #511 ) ) GLOBAL_UNIT_ASSIGNED_CONTEXT ( ( #322, #1395, #2650 ) ) REPRESENTATION_CONTEXT ( 'NONE', 'WORKASPACE' ) );
#1498 = B_SPLINE_CURVE_WITH_KNOTS ( 'NONE', 3,
 ( #488, #462, #714, #2177, #923, #2386, #1148 ),
 .UNSPECIFIED., .F., .F.,
 ( 4, 1, 1, 1, 4 ),
 ( 0.0000000000000000000, 0.2477984407368818420, 0.4969795881134316806, 0.7482219113163052215, 0.9999897144113636394 ),
 .UNSPECIFIED. ) ;
#1499 = CARTESIAN_POINT ( 'NONE',  ( 1.200000000000000178, 0.1000000000000001860, 0.8500000000000000888 ) ) ;
#1500 = ORIENTED_EDGE ( 'NONE', *, *, #2693, .F. ) ;
#1501 = CARTESIAN_POINT ( 'NONE',  ( 0.6837605060891077668, 0.5100000000000000089, 0.1142668736657143497 ) ) ;
#1502 = ORIENTED_EDGE ( 'NONE', *, *, #828, .T. ) ;
#1503 = VERTEX_POINT ( 'NONE', #311 ) ;
#1504 = FILL_AREA_STYLE_COLOUR ( '', #2289 ) ;
#1505 = CARTESIAN_POINT ( 'NONE',  ( 0.1580204426648304517, 0.5100000000000000089, -0.2435688841929752047 ) ) ;
#1506 = B_SPLINE_CURVE_WITH_KNOTS ( 'NONE', 3,
 ( #536, #2404, #899, #443, #2357 ),
 .UNSPECIFIED., .F., .F.,
 ( 4, 1, 4 ),
 ( 0.0000000000000000000, 0.4408381708360231133, 0.9999955807065066260 ),
 .UNSPECIFIED. ) ;
#1507 = ORIENTED_EDGE ( 'NONE', *, *, #233, .T. ) ;
#1508 = ORIENTED_EDGE ( 'NONE', *, *, #1802, .F. ) ;
#1509 = DIRECTION ( 'NONE',  ( -1.000000000000000000, -0.0000000000000000000, -0.0000000000000000000 ) ) ;
#1510 = ORIENTED_EDGE ( 'NONE', *, *, #1795, .T. ) ;
#1511 = EDGE_CURVE ( 'NONE', #2403, #52, #1871, .T. ) ;
#1512 = LINE ( 'NONE', #1538, #1705 ) ;
#1513 = FILL_AREA_STYLE_COLOUR ( '', #1400 ) ;
#1514 = FILL_AREA_STYLE_COLOUR ( '', #2226 ) ;
#1515 = STYLED_ITEM ( 'NONE', ( #1169 ), #482 ) ;
#1516 = SURFACE_SIDE_STYLE ('',( #2031 ) ) ;
#1517 = LINE ( 'NONE', #2325, #948 ) ;
#1518 = PRESENTATION_STYLE_ASSIGNMENT (( #2719 ) ) ;
#1519 = VECTOR ( 'NONE', #2627, 1000.000000000000000 ) ;
#1520 = VECTOR ( 'NONE', #1293, 1000.000000000000000 ) ;
#1521 = VECTOR ( 'NONE', #1578, 1000.000000000000114 ) ;
#1522 =( GEOMETRIC_REPRESENTATION_CONTEXT ( 3 ) GLOBAL_UNCERTAINTY_ASSIGNED_CONTEXT ( ( #1559 ) ) GLOBAL_UNIT_ASSIGNED_CONTEXT ( ( #1473, #180, #1685 ) ) REPRESENTATION_CONTEXT ( 'NONE', 'WORKASPACE' ) );
#1523 =( GEOMETRIC_REPRESENTATION_CONTEXT ( 3 ) GLOBAL_UNCERTAINTY_ASSIGNED_CONTEXT ( ( #1916 ) ) GLOBAL_UNIT_ASSIGNED_CONTEXT ( ( #2637, #1806, #546 ) ) REPRESENTATION_CONTEXT ( 'NONE', 'WORKASPACE' ) );
#1524 = EDGE_CURVE ( 'NONE', #865, #740, #4, .T. ) ;
#1525 = EDGE_LOOP ( 'NONE', ( #2247, #289, #2438, #1704, #2530 ) ) ;
#1526 = EDGE_CURVE ( 'NONE', #1049, #2594, #956, .T. ) ;
#1527 = VERTEX_POINT ( 'NONE', #1373 ) ;
#1528 = FACE_OUTER_BOUND ( 'NONE', #526, .T. ) ;
#1529 = EDGE_CURVE ( 'NONE', #567, #1571, #756, .T. ) ;
#1530 = DIRECTION ( 'NONE',  ( 0.0000000000000000000, -1.000000000000000000, 0.0000000000000000000 ) ) ;
#1531 = CARTESIAN_POINT ( 'NONE',  ( 0.2500000000000000000, 0.1000000000000001860, -0.7000000000000000666 ) ) ;
#1532 = ORIENTED_EDGE ( 'NONE', *, *, #2258, .F. ) ;
#1533 = ORIENTED_EDGE ( 'NONE', *, *, #879, .F. ) ;
#1534 = VERTEX_POINT ( 'NONE', #749 ) ;
#1535 = CARTESIAN_POINT ( 'NONE',  ( 0.5125709687663857483, 0.5100000000000000089, -0.07937005289846610356 ) ) ;
#1536 = CARTESIAN_POINT ( 'NONE',  ( 0.4425756429116762258, 0.5100000000000000089, 0.1852819617535547969 ) ) ;
#1537 = ORIENTED_EDGE ( 'NONE', *, *, #2513, .T. ) ;
#1538 = CARTESIAN_POINT ( 'NONE',  ( 1.200000000000000178, -0.4100000000000001976, 1.240000000000000213 ) ) ;
#1539 =( NAMED_UNIT ( * ) PLANE_ANGLE_UNIT ( ) SI_UNIT ( $, .RADIAN. ) );
#1540 = ADVANCED_FACE ( 'NONE', ( #106 ), #1782, .T. ) ;
#1541 = EDGE_CURVE ( 'NONE', #50, #2317, #2100, .T. ) ;
#1542 = MANIFOLD_SOLID_BREP ( 'Wrap1', #733 ) ;
#1543 = PLANE ( 'NONE',  #1907 ) ;
#1544 = DIRECTION ( 'NONE',  ( 0.0000000000000000000, 1.000000000000000000, 0.0000000000000000000 ) ) ;
#1545 = MECHANICAL_DESIGN_GEOMETRIC_PRESENTATION_REPRESENTATION (  '', ( #1124 ), #1690 ) ;
#1546 = VECTOR ( 'NONE', #2114, 1000.000000000000000 ) ;
#1547 = PRESENTATION_LAYER_ASSIGNMENT (  '', '', ( #1268 ) ) ;
#1548 = LINE ( 'NONE', #1828, #2585 ) ;
#1549 =( LENGTH_UNIT ( ) NAMED_UNIT ( * ) SI_UNIT ( .MILLI., .METRE. ) );
#1550 = COLOUR_RGB ( '',0.2509803921568627416, 0.2509803921568627416, 0.2509803921568627416 ) ;
#1551 =( NAMED_UNIT ( * ) PLANE_ANGLE_UNIT ( ) SI_UNIT ( $, .RADIAN. ) );
#1552 = CARTESIAN_POINT ( 'NONE',  ( -0.7048602545242084183, 0.5100000000000000089, 0.08088635735798264947 ) ) ;
#1553 = COLOUR_RGB ( '',0.6470588235294117974, 0.6196078431372549211, 0.5882352941176470784 ) ;
#1554 = CARTESIAN_POINT ( 'NONE',  ( 0.2500000000000000000, 0.1000000000000001860, -0.7000000000000000666 ) ) ;
#1555 = FILL_AREA_STYLE ('',( #2185 ) ) ;
#1556 = ADVANCED_FACE ( 'NONE', ( #1904 ), #2586, .F. ) ;
#1557 = EDGE_CURVE ( 'NONE', #2505, #394, #1159, .T. ) ;
#1558 = EDGE_CURVE ( 'NONE', #892, #1975, #68, .T. ) ;
#1559 = UNCERTAINTY_MEASURE_WITH_UNIT (LENGTH_MEASURE( 1.000000000000000082E-05 ), #1473, 'distance_accuracy_value', 'NONE');
#1560 = CARTESIAN_POINT ( 'NONE',  ( -0.4703850942678303171, 0.5100000000000000089, -0.2396264631548554735 ) ) ;
#1561 = COLOUR_RGB ( '',0.6470588235294117974, 0.6196078431372549211, 0.5882352941176470784 ) ;
#1562 = AXIS2_PLACEMENT_3D ( 'NONE', #314, #1799, #537 ) ;
#1563 = CARTESIAN_POINT ( 'NONE',  ( 0.3383835443985853675, 0.5100000000000000089, -0.09130630714024880190 ) ) ;
#1564 = PLANE ( 'NONE',  #602 ) ;
#1565 = VERTEX_POINT ( 'NONE', #2453 ) ;
#1566 = FILL_AREA_STYLE ('',( #1954 ) ) ;
#1567 = DIRECTION ( 'NONE',  ( 0.0000000000000000000, -0.0000000000000000000, -1.000000000000000000 ) ) ;
#1568 = VERTEX_POINT ( 'NONE', #2033 ) ;
#1569 = CARTESIAN_POINT ( 'NONE',  ( 0.4425756429116830537, 0.5100000000000000089, -0.2194799430083630154 ) ) ;
#1570 = CARTESIAN_POINT ( 'NONE',  ( -0.03178333144728689302, 0.5100000000000000089, -0.04070819392411654386 ) ) ;
#1571 = VERTEX_POINT ( 'NONE', #561 ) ;
#1572 = ADVANCED_FACE ( 'NONE', ( #1714 ), #758, .F. ) ;
#1573 = ORIENTED_EDGE ( 'NONE', *, *, #2411, .F. ) ;
#1574 = CARTESIAN_POINT ( 'NONE',  ( 0.1100435916296363809, 0.5100000000000000089, 0.1056259406912701121 ) ) ;
#1575 = DIRECTION ( 'NONE',  ( 0.0000000000000000000, -0.0000000000000000000, 1.000000000000000000 ) ) ;
#1576 = CARTESIAN_POINT ( 'NONE',  ( -0.2043594532421892374, 0.5100000000000000089, -0.3037290272574404426 ) ) ;
#1577 = FACE_BOUND ( 'NONE', #2112, .T. ) ;
#1578 = DIRECTION ( 'NONE',  ( 0.1710878697460292419, -0.9702875252478162516, 0.1710878697460289366 ) ) ;
#1579 = ORIENTED_EDGE ( 'NONE', *, *, #209, .F. ) ;
#1580 = CARTESIAN_POINT ( 'NONE',  ( 0.5513496813732148283, 0.5100000000000000089, 0.1578094342810316963 ) ) ;
#1581 = CARTESIAN_POINT ( 'NONE',  ( -1.200000000000000178, 0.1000000000000001860, 0.8500000000000000888 ) ) ;
#1582 = MECHANICAL_DESIGN_GEOMETRIC_PRESENTATION_REPRESENTATION (  '', ( #1157 ), #1716 ) ;
#1583 = EDGE_CURVE ( 'NONE', #394, #2317, #1652, .T. ) ;
#1584 = CARTESIAN_POINT ( 'NONE',  ( 1.200000000000000178, 0.1000000000000001860, 0.7000000000000000666 ) ) ;
#1585 = CARTESIAN_POINT ( 'NONE',  ( 1.519999999999999352, 0.5100000000000000089, 0.7000000000000000666 ) ) ;
#1586 = LINE ( 'NONE', #2182, #1255 ) ;
#1587 = CARTESIAN_POINT ( 'NONE',  ( -1.520000000000000684, 0.1000000000000000056, -0.7000000000000000666 ) ) ;
#1588 = DIRECTION ( 'NONE',  ( 1.000000000000000000, -0.0000000000000000000, -0.0000000000000000000 ) ) ;
#1589 = ADVANCED_FACE ( 'NONE', ( #312 ), #1614, .F. ) ;
#1590 =( NAMED_UNIT ( * ) SI_UNIT ( $, .STERADIAN. ) SOLID_ANGLE_UNIT ( ) );
#1591 = CARTESIAN_POINT ( 'NONE',  ( 0.6462391147752805098, 0.5100000000000000089, -0.1203356564633854681 ) ) ;
#1592 = VECTOR ( 'NONE', #778, 1000.000000000000000 ) ;
#1593 = VECTOR ( 'NONE', #2303, 1000.000000000000000 ) ;
#1594 = FILL_AREA_STYLE_COLOUR ( '', #472 ) ;
#1595 =( LENGTH_UNIT ( ) NAMED_UNIT ( * ) SI_UNIT ( .MILLI., .METRE. ) );
#1596 = DIRECTION ( 'NONE',  ( -1.000000000000000000, -0.0000000000000000000, -0.0000000000000000000 ) ) ;
#1597 = CARTESIAN_POINT ( 'NONE',  ( -0.5739380016622122049, 0.5100000000000000089, 0.2198786193317603110 ) ) ;
#1598 = LINE ( 'NONE', #1615, #2067 ) ;
#1599 = FACE_OUTER_BOUND ( 'NONE', #769, .T. ) ;
#1600 = ORIENTED_EDGE ( 'NONE', *, *, #257, .T. ) ;
#1601 = EDGE_CURVE ( 'NONE', #1527, #2151, #1635, .T. ) ;
#1602 = ORIENTED_EDGE ( 'NONE', *, *, #2040, .T. ) ;
#1603 = ORIENTED_EDGE ( 'NONE', *, *, #2223, .T. ) ;
#1604 = FILL_AREA_STYLE_COLOUR ( '', #1421 ) ;
#1605 =( LENGTH_UNIT ( ) NAMED_UNIT ( * ) SI_UNIT ( .MILLI., .METRE. ) );
#1606 = PRESENTATION_LAYER_ASSIGNMENT (  '', '', ( #1318 ) ) ;
#1607 = EDGE_LOOP ( 'NONE', ( #1783, #2469, #2679, #285, #1857, #2601, #547, #1247 ) ) ;
#1608 = CARTESIAN_POINT ( 'NONE',  ( -0.1335505473192677706, 0.5100000000000000089, -0.2943883637055907387 ) ) ;
#1609 = VERTEX_POINT ( 'NONE', #416 ) ;
#1610 = CARTESIAN_POINT ( 'NONE',  ( 0.03466118493764700631, 0.5100000000000000089, -0.1587661635695377937 ) ) ;
#1611 = DIRECTION ( 'NONE',  ( 0.0000000000000000000, 0.0000000000000000000, -1.000000000000000000 ) ) ;
#1612 = COLOUR_RGB ( '',0.7921568627450980005, 0.8196078431372548767, 0.9333333333333333481 ) ;
#1613 = DIRECTION ( 'NONE',  ( 0.0000000000000000000, -0.0000000000000000000, 1.000000000000000000 ) ) ;
#1614 = PLANE ( 'NONE',  #119 ) ;
#1615 = CARTESIAN_POINT ( 'NONE',  ( -0.6999999999999999556, -0.09999999999999982514, 0.7230788914346361063 ) ) ;
#1616 = FACE_OUTER_BOUND ( 'NONE', #2181, .T. ) ;
#1617 = LINE ( 'NONE', #207, #1546 ) ;
#1618 =( LENGTH_UNIT ( ) NAMED_UNIT ( * ) SI_UNIT ( .MILLI., .METRE. ) );
#1619 = STYLED_ITEM ( 'NONE', ( #234 ), #2392 ) ;
#1620 =( GEOMETRIC_REPRESENTATION_CONTEXT ( 3 ) GLOBAL_UNCERTAINTY_ASSIGNED_CONTEXT ( ( #972 ) ) GLOBAL_UNIT_ASSIGNED_CONTEXT ( ( #1416, #2656, #1202 ) ) REPRESENTATION_CONTEXT ( 'NONE', 'WORKASPACE' ) );
#1621 =( GEOMETRIC_REPRESENTATION_CONTEXT ( 3 ) GLOBAL_UNCERTAINTY_ASSIGNED_CONTEXT ( ( #887 ) ) GLOBAL_UNIT_ASSIGNED_CONTEXT ( ( #2166, #2310, #1067 ) ) REPRESENTATION_CONTEXT ( 'NONE', 'WORKASPACE' ) );
#1622 = CARTESIAN_POINT ( 'NONE',  ( -0.2745989555965798190, 0.5100000000000000089, -0.2941354972509188093 ) ) ;
#1623 = SURFACE_STYLE_USAGE ( .BOTH. , #341 ) ;
#1624 = CARTESIAN_POINT ( 'NONE',  ( -0.6999999999999999556, -0.4100000000000001976, 1.090000000000000080 ) ) ;
#1625 = CARTESIAN_POINT ( 'NONE',  ( -0.7497320493960033527, 0.5100000000000000089, 0.08088635735798889448 ) ) ;
#1626 =( NAMED_UNIT ( * ) PLANE_ANGLE_UNIT ( ) SI_UNIT ( $, .RADIAN. ) );
#1627 = FACE_OUTER_BOUND ( 'NONE', #85, .T. ) ;
#1628 = ORIENTED_EDGE ( 'NONE', *, *, #2544, .F. ) ;
#1629 = DIRECTION ( 'NONE',  ( -0.0000000000000000000, -0.0000000000000000000, -1.000000000000000000 ) ) ;
#1630 = PRESENTATION_LAYER_ASSIGNMENT (  '', '', ( #1347 ) ) ;
#1631 = EDGE_CURVE ( 'NONE', #1043, #194, #819, .T. ) ;
#1632 = DIRECTION ( 'NONE',  ( 0.0000000000000000000, -1.000000000000000000, 0.0000000000000000000 ) ) ;
#1633 = ORIENTED_EDGE ( 'NONE', *, *, #838, .F. ) ;
#1634 = VERTEX_POINT ( 'NONE', #190 ) ;
#1635 = B_SPLINE_CURVE_WITH_KNOTS ( 'NONE', 3,
 ( #2444, #1282, #2316, #848, #2102, #633 ),
 .UNSPECIFIED., .F., .F.,
 ( 4, 1, 1, 4 ),
 ( 0.0000000000000000000, 0.3346660638375786867, 0.6676567434635514164, 1.000000000000000000 ),
 .UNSPECIFIED. ) ;
#1636 = CLOSED_SHELL ( 'NONE', ( #942, #1981, #1145, #40, #88, #2614, #2392, #2380, #1380, #924 ) ) ;
#1637 = DIRECTION ( 'NONE',  ( -0.0000000000000000000, 0.9048187022009942515, -0.4257970363298793082 ) ) ;
#1638 = ORIENTED_EDGE ( 'NONE', *, *, #525, .F. ) ;
#1639 = CARTESIAN_POINT ( 'NONE',  ( -0.3262070542553099362, 0.5100000000000000089, -0.01799393163331972426 ) ) ;
#1640 = ORIENTED_EDGE ( 'NONE', *, *, #1948, .T. ) ;
#1641 = COLOUR_RGB ( '',0.6470588235294117974, 0.6196078431372549211, 0.5882352941176470784 ) ;
#1642 = CARTESIAN_POINT ( 'NONE',  ( 0.4874474377834802086, 0.5100000000000000089, -0.07937005289846703338 ) ) ;
#1643 = SURFACE_STYLE_USAGE ( .BOTH. , #2661 ) ;
#1644 = CARTESIAN_POINT ( 'NONE',  ( -0.6999999999999999556, 0.1000000000000001860, 0.7000000000000000666 ) ) ;
#1645 = ORIENTED_EDGE ( 'NONE', *, *, #1348, .T. ) ;
#1646 = FILL_AREA_STYLE ('',( #1435 ) ) ;
#1647 =( NAMED_UNIT ( * ) PLANE_ANGLE_UNIT ( ) SI_UNIT ( $, .RADIAN. ) );
#1648 = LINE ( 'NONE', #1291, #2616 ) ;
#1649 = EDGE_CURVE ( 'NONE', #1135, #2595, #103, .T. ) ;
#1650 = DIRECTION ( 'NONE',  ( -1.000000000000000000, -0.0000000000000000000, -0.0000000000000000000 ) ) ;
#1651 = FILL_AREA_STYLE_COLOUR ( '', #2364 ) ;
#1652 = LINE ( 'NONE', #1813, #2548 ) ;
#1653 = STYLED_ITEM ( 'NONE', ( #1415 ), #1905 ) ;
#1654 = AXIS2_PLACEMENT_3D ( 'NONE', #592, #409, #1370 ) ;
#1655 = B_SPLINE_CURVE_WITH_KNOTS ( 'NONE', 3,
 ( #208, #665, #543, #1027, #976, #658 ),
 .UNSPECIFIED., .F., .F.,
 ( 4, 1, 1, 4 ),
 ( 0.0000000000000000000, 0.3331432585279744951, 0.6667484579918101506, 0.9999966273260918470 ),
 .UNSPECIFIED. ) ;
#1656 = LINE ( 'NONE', #34, #1095 ) ;
#1657 =( LENGTH_UNIT ( ) NAMED_UNIT ( * ) SI_UNIT ( .MILLI., .METRE. ) );
#1658 = SURFACE_SIDE_STYLE ('',( #2157 ) ) ;
#1659 = FILL_AREA_STYLE ('',( #1102 ) ) ;
#1660 = VECTOR ( 'NONE', #1896, 1000.000000000000000 ) ;
#1661 = CARTESIAN_POINT ( 'NONE',  ( 0.3528320531680901317, 0.5100000000000000089, 0.1578094342810225648 ) ) ;
#1662 = LINE ( 'NONE', #1792, #521 ) ;
#1663 = PLANE ( 'NONE',  #1076 ) ;
#1664 = FILL_AREA_STYLE ('',( #860 ) ) ;
#1665 = ORIENTED_EDGE ( 'NONE', *, *, #7, .F. ) ;
#1666 = VECTOR ( 'NONE', #1133, 1000.000000000000000 ) ;
#1667 = ORIENTED_EDGE ( 'NONE', *, *, #635, .F. ) ;
#1668 = SURFACE_SIDE_STYLE ('',( #586 ) ) ;
#1669 = ORIENTED_EDGE ( 'NONE', *, *, #2140, .T. ) ;
#1670 = FILL_AREA_STYLE ('',( #2071 ) ) ;
#1671 = ORIENTED_EDGE ( 'NONE', *, *, #2327, .F. ) ;
#1672 = CARTESIAN_POINT ( 'NONE',  ( -0.2043594532421892374, 0.5100000000000000089, -0.3037290272574404426 ) ) ;
#1673 = STYLED_ITEM ( 'NONE', ( #2302 ), #1540 ) ;
#1674 = EDGE_CURVE ( 'NONE', #1568, #1179, #1463, .T. ) ;
#1675 = CARTESIAN_POINT ( 'NONE',  ( 0.0000000000000000000, 0.5100000000000000089, 0.0000000000000000000 ) ) ;
#1676 = STYLED_ITEM ( 'NONE', ( #2264 ), #40 ) ;
#1677 = B_SPLINE_CURVE_WITH_KNOTS ( 'NONE', 3,
 ( #200, #1693, #643, #2105, #857 ),
 .UNSPECIFIED., .F., .F.,
 ( 4, 1, 4 ),
 ( 0.0000000000000000000, 0.4399358118368398851, 0.9999906616492750810 ),
 .UNSPECIFIED. ) ;
#1678 = VECTOR ( 'NONE', #2465, 1000.000000000000000 ) ;
#1679 = ORIENTED_EDGE ( 'NONE', *, *, #722, .T. ) ;
#1680 = DIRECTION ( 'NONE',  ( 0.0000000000000000000, -1.000000000000000000, 0.0000000000000000000 ) ) ;
#1681 = ORIENTED_EDGE ( 'NONE', *, *, #1529, .F. ) ;
#1682 =( NAMED_UNIT ( * ) PLANE_ANGLE_UNIT ( ) SI_UNIT ( $, .RADIAN. ) );
#1683 = CARTESIAN_POINT ( 'NONE',  ( 0.03573803607407737698, 0.5100000000000000089, 0.2090914855630639779 ) ) ;
#1684 = UNCERTAINTY_MEASURE_WITH_UNIT (LENGTH_MEASURE( 1.000000000000000082E-05 ), #1074, 'distance_accuracy_value', 'NONE');
#1685 =( NAMED_UNIT ( * ) SI_UNIT ( $, .STERADIAN. ) SOLID_ANGLE_UNIT ( ) );
#1686 = COLOUR_RGB ( '',0.2509803921568627416, 0.2509803921568627416, 0.2509803921568627416 ) ;
#1687 = CARTESIAN_POINT ( 'NONE',  ( -0.4324816747128629180, 0.5100000000000000089, -0.03902359821774334381 ) ) ;
#1688 = EDGE_CURVE ( 'NONE', #1040, #1047, #1839, .T. ) ;
#1689 = DIRECTION ( 'NONE',  ( -1.000000000000000000, 0.0000000000000000000, -0.0000000000000000000 ) ) ;
#1690 =( GEOMETRIC_REPRESENTATION_CONTEXT ( 3 ) GLOBAL_UNCERTAINTY_ASSIGNED_CONTEXT ( ( #307 ) ) GLOBAL_UNIT_ASSIGNED_CONTEXT ( ( #1119, #579, #569 ) ) REPRESENTATION_CONTEXT ( 'NONE', 'WORKASPACE' ) );
#1691 = B_SPLINE_CURVE_WITH_KNOTS ( 'NONE', 3,
 ( #2588, #1966, #2395, #1155, #2610 ),
 .UNSPECIFIED., .F., .F.,
 ( 4, 1, 4 ),
 ( 0.0000000000000000000, 0.4999999999999986677, 0.9999902499999997474 ),
 .UNSPECIFIED. ) ;
#1692 = MECHANICAL_DESIGN_GEOMETRIC_PRESENTATION_REPRESENTATION (  '', ( #1268 ), #1821 ) ;
#1693 = CARTESIAN_POINT ( 'NONE',  ( -0.5889517137791041579, 0.5100000000000000089, -0.1173972108388459806 ) ) ;
#1694 =( NAMED_UNIT ( * ) PLANE_ANGLE_UNIT ( ) SI_UNIT ( $, .RADIAN. ) );
#1695 = LINE ( 'NONE', #1046, #1100 ) ;
#1696 = CARTESIAN_POINT ( 'NONE',  ( -0.6528659525299468358, 0.5100000000000000089, -0.2631307366591073560 ) ) ;
#1697 = FILL_AREA_STYLE_COLOUR ( '', #2039 ) ;
#1698 = PLANE ( 'NONE',  #1198 ) ;
#1699 = VERTEX_POINT ( 'NONE', #407 ) ;
#1700 = EDGE_LOOP ( 'NONE', ( #1366, #10, #2108, #2280 ) ) ;
#1701 = PLANE ( 'NONE',  #403 ) ;
#1702 = EDGE_CURVE ( 'NONE', #2072, #971, #682, .T. ) ;
#1703 = DIRECTION ( 'NONE',  ( 1.000000000000000000, 0.0000000000000000000, -0.0000000000000000000 ) ) ;
#1704 = ORIENTED_EDGE ( 'NONE', *, *, #1688, .T. ) ;
#1705 = VECTOR ( 'NONE', #2218, 1000.000000000000000 ) ;
#1706 = PRESENTATION_LAYER_ASSIGNMENT (  '', '', ( #1426 ) ) ;
#1707 = CARTESIAN_POINT ( 'NONE',  ( -0.03349068579360708897, 0.5100000000000000089, -0.1112560345175429150 ) ) ;
#1708 = STYLED_ITEM ( 'NONE', ( #1837 ), #1775 ) ;
#1709 = STYLED_ITEM ( 'NONE', ( #91 ), #287 ) ;
#1710 = DIRECTION ( 'NONE',  ( -0.0000000000000000000, -1.000000000000000000, -0.0000000000000000000 ) ) ;
#1711 = ORIENTED_EDGE ( 'NONE', *, *, #1348, .F. ) ;
#1712 = COLOUR_RGB ( '',0.2509803921568627416, 0.2509803921568627416, 0.2509803921568627416 ) ;
#1713 = CARTESIAN_POINT ( 'NONE',  ( 0.2500000000000000000, -0.09999999999999982514, -0.7000000000000000666 ) ) ;
#1714 = FACE_OUTER_BOUND ( 'NONE', #1146, .T. ) ;
#1715 = CARTESIAN_POINT ( 'NONE',  ( 0.6989858993219409955, 0.5100000000000000089, -0.1670102772574368066 ) ) ;
#1716 =( GEOMETRIC_REPRESENTATION_CONTEXT ( 3 ) GLOBAL_UNCERTAINTY_ASSIGNED_CONTEXT ( ( #1963 ) ) GLOBAL_UNIT_ASSIGNED_CONTEXT ( ( #29, #2287, #534 ) ) REPRESENTATION_CONTEXT ( 'NONE', 'WORKASPACE' ) );
#1717 = EDGE_CURVE ( 'NONE', #865, #1466, #1258, .T. ) ;
#1718 = CARTESIAN_POINT ( 'NONE',  ( -1.200000000000000178, 0.1000000000000001860, 0.7000000000000000666 ) ) ;
#1719 =( LENGTH_UNIT ( ) NAMED_UNIT ( * ) SI_UNIT ( .MILLI., .METRE. ) );
#1720 = UNCERTAINTY_MEASURE_WITH_UNIT (LENGTH_MEASURE( 1.000000000000000082E-05 ), #980, 'distance_accuracy_value', 'NONE');
#1721 = VERTEX_POINT ( 'NONE', #2708 ) ;
#1722 = ORIENTED_EDGE ( 'NONE', *, *, #1526, .T. ) ;
#1723 = DIRECTION ( 'NONE',  ( 1.000000000000000000, -0.0000000000000000000, -0.0000000000000000000 ) ) ;
#1724 = ORIENTED_EDGE ( 'NONE', *, *, #989, .F. ) ;
#1725 = ORIENTED_EDGE ( 'NONE', *, *, #58, .F. ) ;
#1726 = CARTESIAN_POINT ( 'NONE',  ( 0.4874474377834789873, 0.5100000000000000089, 0.002894904366493282998 ) ) ;
#1727 = EDGE_LOOP ( 'NONE', ( #1818, #1776, #402, #933 ) ) ;
#1728 = EDGE_CURVE ( 'NONE', #2704, #530, #1193, .T. ) ;
#1729 = LINE ( 'NONE', #585, #544 ) ;
#1730 = LINE ( 'NONE', #557, #155 ) ;
#1731 = SURFACE_STYLE_FILL_AREA ( #2579 ) ;
#1732 = CARTESIAN_POINT ( 'NONE',  ( -0.6999999999999999556, -0.09999999999999982514, 0.7000000000000000666 ) ) ;
#1733 = CARTESIAN_POINT ( 'NONE',  ( -0.6999999999999999556, 0.1000000000000001860, 0.8500000000000000888 ) ) ;
#1734 = MECHANICAL_DESIGN_GEOMETRIC_PRESENTATION_REPRESENTATION (  '', ( #1318 ), #1869 ) ;
#1735 = FACE_OUTER_BOUND ( 'NONE', #570, .T. ) ;
#1736 = DIRECTION ( 'NONE',  ( 0.0000000000000000000, -0.0000000000000000000, -1.000000000000000000 ) ) ;
#1737 = UNCERTAINTY_MEASURE_WITH_UNIT (LENGTH_MEASURE( 1.000000000000000082E-05 ), #1618, 'distance_accuracy_value', 'NONE');
#1738 = VECTOR ( 'NONE', #1467, 1000.000000000000000 ) ;
#1739 = DIRECTION ( 'NONE',  ( 0.0000000000000000000, 0.9848077530122092416, -0.1736481776669233090 ) ) ;
#1740 = B_SPLINE_CURVE_WITH_KNOTS ( 'NONE', 3,
 ( #1204, #2714, #1798, #154, #2507, #356, #346, #1115 ),
 .UNSPECIFIED., .F., .F.,
 ( 4, 1, 1, 1, 1, 4 ),
 ( 0.0000000000000000000, 0.1990961769380470703, 0.3984073938717067609, 0.5985859954973714592, 0.7991663655986491754, 0.9999974993044757898 ),
 .UNSPECIFIED. ) ;
#1741 = PRESENTATION_STYLE_ASSIGNMENT (( #2560 ) ) ;
#1742 = VECTOR ( 'NONE', #1650, 1000.000000000000000 ) ;
#1743 = AXIS2_PLACEMENT_3D ( 'NONE', #1531, #239, #1736 ) ;
#1744 = CARTESIAN_POINT ( 'NONE',  ( -0.5971879788831718772, 0.5100000000000000089, 0.2219119983836046750 ) ) ;
#1745 = CARTESIAN_POINT ( 'NONE',  ( 1.200000000000000178, 0.1000000000000001860, 0.8500000000000000888 ) ) ;
#1746 = SURFACE_STYLE_FILL_AREA ( #2694 ) ;
#1747 = CARTESIAN_POINT ( 'NONE',  ( -1.520002500000000811, -0.1000000000000000056, -0.7000000000000000666 ) ) ;
#1748 =( NAMED_UNIT ( * ) SI_UNIT ( $, .STERADIAN. ) SOLID_ANGLE_UNIT ( ) );
#1749 = ORIENTED_EDGE ( 'NONE', *, *, #1529, .T. ) ;
#1750 = ADVANCED_FACE ( 'NONE', ( #30 ), #389, .F. ) ;
#1751 = ORIENTED_EDGE ( 'NONE', *, *, #1035, .F. ) ;
#1752 = CARTESIAN_POINT ( 'NONE',  ( -0.6984499981139644653, 0.5100000000000000089, -0.04090851443688627714 ) ) ;
#1753 = VERTEX_POINT ( 'NONE', #2293 ) ;
#1754 = CARTESIAN_POINT ( 'NONE',  ( -1.200000000000000178, -0.09999999999999982514, 0.7230788914346361063 ) ) ;
#1755 = VERTEX_POINT ( 'NONE', #378 ) ;
#1756 = LINE ( 'NONE', #1487, #901 ) ;
#1757 =( LENGTH_UNIT ( ) NAMED_UNIT ( * ) SI_UNIT ( .MILLI., .METRE. ) );
#1758 = COLOUR_RGB ( '',0.2509803921568627416, 0.2509803921568627416, 0.2509803921568627416 ) ;
#1759 = MECHANICAL_DESIGN_GEOMETRIC_PRESENTATION_REPRESENTATION (  '', ( #1347 ), #1902 ) ;
#1760 = EDGE_CURVE ( 'NONE', #191, #1824, #1855, .T. ) ;
#1761 = CARTESIAN_POINT ( 'NONE',  ( 0.3464217967578378521, 0.5100000000000000089, -0.1550912067446278408 ) ) ;
#1762 = SURFACE_SIDE_STYLE ('',( #145 ) ) ;
#1763 = SURFACE_STYLE_USAGE ( .BOTH. , #2172 ) ;
#1764 =( NAMED_UNIT ( * ) PLANE_ANGLE_UNIT ( ) SI_UNIT ( $, .RADIAN. ) );
#1765 = ADVANCED_FACE ( 'NONE', ( #2035 ), #2273, .F. ) ;
#1766 = STYLED_ITEM ( 'NONE', ( #2396 ), #959 ) ;
#1767 = DIRECTION ( 'NONE',  ( 0.0000000000000000000, -0.9048187022009942515, 0.4257970363298793082 ) ) ;
#1768 = CARTESIAN_POINT ( 'NONE',  ( 0.5023212358604024486, 0.5100000000000000089, -0.02808800161641327245 ) ) ;
#1769 = CARTESIAN_POINT ( 'NONE',  ( 0.02924765145869393998, 0.5100000000000000089, 0.1918472280844311928 ) ) ;
#1770 = DIRECTION ( 'NONE',  ( 1.000000000000000000, -0.0000000000000000000, -0.0000000000000000000 ) ) ;
#1771 = SURFACE_SIDE_STYLE ('',( #1032 ) ) ;
#1772 = EDGE_CURVE ( 'NONE', #2178, #1040, #2518, .T. ) ;
#1773 =( NAMED_UNIT ( * ) PLANE_ANGLE_UNIT ( ) SI_UNIT ( $, .RADIAN. ) );
#1774 = DIRECTION ( 'NONE',  ( -0.1710878697460292419, -0.9702875252478162516, -0.1710878697460289644 ) ) ;
#1775 = ADVANCED_FACE ( 'NONE', ( #2383 ), #804, .T. ) ;
#1776 = ORIENTED_EDGE ( 'NONE', *, *, #134, .F. ) ;
#1777 = PRESENTATION_LAYER_ASSIGNMENT (  '', '', ( #1653 ) ) ;
#1778 = DIRECTION ( 'NONE',  ( 0.0000000000000000000, -0.0000000000000000000, -1.000000000000000000 ) ) ;
#1779 = PRESENTATION_LAYER_ASSIGNMENT (  '', '', ( #1515 ) ) ;
#1780 = ORIENTED_EDGE ( 'NONE', *, *, #817, .F. ) ;
#1781 = CARTESIAN_POINT ( 'NONE',  ( 0.2500000000000000000, -0.4100000000000001976, -1.240000000000000213 ) ) ;
#1782 = PLANE ( 'NONE',  #2495 ) ;
#1783 = ORIENTED_EDGE ( 'NONE', *, *, #2076, .F. ) ;
#1784 = UNCERTAINTY_MEASURE_WITH_UNIT (LENGTH_MEASURE( 1.000000000000000082E-05 ), #323, 'distance_accuracy_value', 'NONE');
#1785 = ORIENTED_EDGE ( 'NONE', *, *, #2235, .F. ) ;
#1786 = CARTESIAN_POINT ( 'NONE',  ( 0.6411934313732223778, 0.5100000000000000089, -0.06064008494974257313 ) ) ;
#1787 = CARTESIAN_POINT ( 'NONE',  ( 0.5487663088753793605, 0.5100000000000000089, -0.07933550632372113331 ) ) ;
#1788 = ORIENTED_EDGE ( 'NONE', *, *, #2002, .T. ) ;
#1789 = FACE_OUTER_BOUND ( 'NONE', #2290, .T. ) ;
#1790 = VERTEX_POINT ( 'NONE', #1088 ) ;
#1791 = FILL_AREA_STYLE ('',( #1594 ) ) ;
#1792 = CARTESIAN_POINT ( 'NONE',  ( 0.2500000000000000000, -0.09999999999999982514, -0.7230788914346361063 ) ) ;
#1793 = CARTESIAN_POINT ( 'NONE',  ( -1.200000000000000178, -0.6100000000000002087, 1.240000000000000213 ) ) ;
#1794 = ORIENTED_EDGE ( 'NONE', *, *, #1928, .F. ) ;
#1795 = EDGE_CURVE ( 'NONE', #2144, #1049, #2192, .T. ) ;
#1796 =( NAMED_UNIT ( * ) SI_UNIT ( $, .STERADIAN. ) SOLID_ANGLE_UNIT ( ) );
#1797 = ORIENTED_EDGE ( 'NONE', *, *, #1865, .T. ) ;
#1798 = CARTESIAN_POINT ( 'NONE',  ( -0.1336664745336886839, 0.5100000000000000089, 0.2124345421287807123 ) ) ;
#1799 = DIRECTION ( 'NONE',  ( 0.0000000000000000000, 0.0000000000000000000, -1.000000000000000000 ) ) ;
#1800 = STYLED_ITEM ( 'NONE', ( #752 ), #2203 ) ;
#1801 = PRESENTATION_LAYER_ASSIGNMENT (  '', '', ( #1673 ) ) ;
#1802 = EDGE_CURVE ( 'NONE', #1049, #460, #1091, .T. ) ;
#1803 = PRESENTATION_LAYER_ASSIGNMENT (  '', '', ( #1676 ) ) ;
#1804 = SURFACE_STYLE_FILL_AREA ( #2190 ) ;
#1805 = CARTESIAN_POINT ( 'NONE',  ( 0.3001989035196629407, 0.5100000000000000089, -0.1374921677296192246 ) ) ;
#1806 =( NAMED_UNIT ( * ) PLANE_ANGLE_UNIT ( ) SI_UNIT ( $, .RADIAN. ) );
#1807 = VECTOR ( 'NONE', #2307, 1000.000000000000000 ) ;
#1808 = FILL_AREA_STYLE_COLOUR ( '', #1201 ) ;
#1809 = CARTESIAN_POINT ( 'NONE',  ( -0.6345644479002985339, 0.5100000000000000089, -0.1300344492659512019 ) ) ;
#1810 = CARTESIAN_POINT ( 'NONE',  ( -1.520000000000000684, 0.5100000000000000089, 0.7000000000000000666 ) ) ;
#1811 = VECTOR ( 'NONE', #1588, 1000.000000000000000 ) ;
#1812 = FILL_AREA_STYLE_COLOUR ( '', #1712 ) ;
#1813 = CARTESIAN_POINT ( 'NONE',  ( -1.520055000000000378, 0.5100000000000000089, 0.6277059379095324410 ) ) ;
#1814 = SURFACE_STYLE_USAGE ( .BOTH. , #2227 ) ;
#1815 = EDGE_CURVE ( 'NONE', #460, #1634, #2120, .T. ) ;
#1816 = PLANE ( 'NONE',  #2028 ) ;
#1817 =( NAMED_UNIT ( * ) SI_UNIT ( $, .STERADIAN. ) SOLID_ANGLE_UNIT ( ) );
#1818 = ORIENTED_EDGE ( 'NONE', *, *, #1023, .F. ) ;
#1819 = DIRECTION ( 'NONE',  ( 0.0000000000000000000, -0.1736481776669233368, 0.9848077530122093526 ) ) ;
#1820 = FILL_AREA_STYLE ('',( #2653 ) ) ;
#1821 =( GEOMETRIC_REPRESENTATION_CONTEXT ( 3 ) GLOBAL_UNCERTAINTY_ASSIGNED_CONTEXT ( ( #1997 ) ) GLOBAL_UNIT_ASSIGNED_CONTEXT ( ( #746, #2211, #964 ) ) REPRESENTATION_CONTEXT ( 'NONE', 'WORKASPACE' ) );
#1822 = ORIENTED_EDGE ( 'NONE', *, *, #1558, .T. ) ;
#1823 = ORIENTED_EDGE ( 'NONE', *, *, #1300, .T. ) ;
#1824 = VERTEX_POINT ( 'NONE', #792 ) ;
#1825 = SURFACE_SIDE_STYLE ('',( #2590 ) ) ;
#1826 = DIRECTION ( 'NONE',  ( -1.000000000000000000, -0.0000000000000000000, -0.0000000000000000000 ) ) ;
#1827 = ORIENTED_EDGE ( 'NONE', *, *, #817, .T. ) ;
#1828 = CARTESIAN_POINT ( 'NONE',  ( 0.2500000000000000000, -0.6100000000000002087, -0.9630788914346360974 ) ) ;
#1829 = DIRECTION ( 'NONE',  ( -0.9848077530122092416, -0.1736481776669238086, 0.0000000000000000000 ) ) ;
#1830 =( NAMED_UNIT ( * ) SI_UNIT ( $, .STERADIAN. ) SOLID_ANGLE_UNIT ( ) );
#1831 = EDGE_CURVE ( 'NONE', #2565, #1975, #1648, .T. ) ;
#1832 = CARTESIAN_POINT ( 'NONE',  ( 0.6541141044501460611, 0.5100000000000000089, -0.1661088349497461258 ) ) ;
#1833 = CARTESIAN_POINT ( 'NONE',  ( 0.4874474377834795424, 0.5100000000000000089, -0.02808800161641385879 ) ) ;
#1834 = CARTESIAN_POINT ( 'NONE',  ( 0.2182919495095383411, 0.5100000000000000089, -0.2481537521050195816 ) ) ;
#1835 = MECHANICAL_DESIGN_GEOMETRIC_PRESENTATION_REPRESENTATION (  '', ( #1426 ), #1968 ) ;
#1836 = AXIS2_PLACEMENT_3D ( 'NONE', #2685, #1227, #2470 ) ;
#1837 = PRESENTATION_STYLE_ASSIGNMENT (( #1011 ) ) ;
#1838 = AXIS2_PLACEMENT_3D ( 'NONE', #1955, #2349, #477 ) ;
#1839 = B_SPLINE_CURVE_WITH_KNOTS ( 'NONE', 3,
 ( #2502, #1881, #2300, #827, #2084, #615, #1874 ),
 .UNSPECIFIED., .F., .F.,
 ( 4, 1, 1, 1, 4 ),
 ( 0.0000000000000000000, 0.2519022820869879498, 0.5030103277644260018, 0.7521125908251407033, 0.9999981235840242899 ),
 .UNSPECIFIED. ) ;
#1840 = DIRECTION ( 'NONE',  ( 0.0000000000000000000, 0.0000000000000000000, 1.000000000000000000 ) ) ;
#1841 = CARTESIAN_POINT ( 'NONE',  ( -0.4953670930312916720, 0.5100000000000000089, -0.05519944778495108201 ) ) ;
#1842 = CARTESIAN_POINT ( 'NONE',  ( -0.3121692006728099544, 0.5100000000000000089, 0.09497373468880482283 ) ) ;
#1843 = FACE_OUTER_BOUND ( 'NONE', #1078, .T. ) ;
#1844 =( NAMED_UNIT ( * ) SI_UNIT ( $, .STERADIAN. ) SOLID_ANGLE_UNIT ( ) );
#1845 = LINE ( 'NONE', #2455, #212 ) ;
#1846 = CARTESIAN_POINT ( 'NONE',  ( -0.6181903482306185804, 0.5100000000000000089, 0.1670953037536836439 ) ) ;
#1847 = ORIENTED_EDGE ( 'NONE', *, *, #1601, .F. ) ;
#1848 = SURFACE_STYLE_USAGE ( .BOTH. , #590 ) ;
#1849 = VERTEX_POINT ( 'NONE', #647 ) ;
#1850 =( NAMED_UNIT ( * ) PLANE_ANGLE_UNIT ( ) SI_UNIT ( $, .RADIAN. ) );
#1851 = EDGE_CURVE ( 'NONE', #47, #2748, #1517, .T. ) ;
#1852 =( NAMED_UNIT ( * ) SI_UNIT ( $, .STERADIAN. ) SOLID_ANGLE_UNIT ( ) );
#1853 = EDGE_LOOP ( 'NONE', ( #893, #1640, #2087, #121, #806, #2014, #185, #935, #538, #1600, #1024, #2476 ) ) ;
#1854 = ORIENTED_EDGE ( 'NONE', *, *, #2746, .T. ) ;
#1855 = B_SPLINE_CURVE_WITH_KNOTS ( 'NONE', 3,
 ( #1661, #1864, #2690, #1236, #2479, #1029 ),
 .UNSPECIFIED., .F., .F.,
 ( 4, 1, 1, 4 ),
 ( 0.0000000000000000000, 0.3333333333333333703, 0.6666666666666666297, 0.9999970551297600041 ),
 .UNSPECIFIED. ) ;
#1856 =( NAMED_UNIT ( * ) SI_UNIT ( $, .STERADIAN. ) SOLID_ANGLE_UNIT ( ) );
#1857 = ORIENTED_EDGE ( 'NONE', *, *, #1728, .F. ) ;
#1858 = VERTEX_POINT ( 'NONE', #252 ) ;
#1859 = VERTEX_POINT ( 'NONE', #1744 ) ;
#1860 = CARTESIAN_POINT ( 'NONE',  ( 0.5178958637151058753, 0.5100000000000000089, -0.2396264631548812585 ) ) ;
#1861 =( LENGTH_UNIT ( ) NAMED_UNIT ( * ) SI_UNIT ( .MILLI., .METRE. ) );
#1862 =( LENGTH_UNIT ( ) NAMED_UNIT ( * ) SI_UNIT ( .MILLI., .METRE. ) );
#1863 = DIRECTION ( 'NONE',  ( 0.0000000000000000000, 0.1736481776669235311, 0.9848077530122093526 ) ) ;
#1864 = CARTESIAN_POINT ( 'NONE',  ( 0.3269795780968656751, 0.5100000000000000089, 0.1578094342810215378 ) ) ;
#1865 = EDGE_CURVE ( 'NONE', #2445, #1043, #834, .T. ) ;
#1866 = DIRECTION ( 'NONE',  ( 0.0000000000000000000, 0.4257970363298793082, -0.9048187022009942515 ) ) ;
#1867 = CARTESIAN_POINT ( 'NONE',  ( 0.3528320531680901317, 0.5100000000000000089, 0.1578094342810225648 ) ) ;
#1868 = MANIFOLD_SOLID_BREP ( 'Boss-Extrude3', #2252 ) ;
#1869 =( GEOMETRIC_REPRESENTATION_CONTEXT ( 3 ) GLOBAL_UNCERTAINTY_ASSIGNED_CONTEXT ( ( #2127 ) ) GLOBAL_UNIT_ASSIGNED_CONTEXT ( ( #1605, #1626, #1081 ) ) REPRESENTATION_CONTEXT ( 'NONE', 'WORKASPACE' ) );
#1870 = B_SPLINE_CURVE_WITH_KNOTS ( 'NONE', 3,
 ( #805, #957, #1860, #1980, #1265 ),
 .UNSPECIFIED., .F., .F.,
 ( 4, 1, 4 ),
 ( 0.0000000000000000000, 0.4999999999999986677, 0.9999856143159793209 ),
 .UNSPECIFIED. ) ;
#1871 = LINE ( 'NONE', #1171, #1322 ) ;
#1872 = CARTESIAN_POINT ( 'NONE',  ( 0.6861510452264752979, 0.5100000000000000089, -0.2438404962222409655 ) ) ;
#1873 = CARTESIAN_POINT ( 'NONE',  ( 0.0000000000000000000, 0.0000000000000000000, 0.0000000000000000000 ) ) ;
#1874 = CARTESIAN_POINT ( 'NONE',  ( -0.2028570493960282772, 0.5100000000000000089, -0.2524469759753899534 ) ) ;
#1875 = CARTESIAN_POINT ( 'NONE',  ( 0.5731823534506594875, 0.5100000000000000089, -0.2387396131389878107 ) ) ;
#1876 = CARTESIAN_POINT ( 'NONE',  ( 0.4425756429116813329, 0.5100000000000000089, -0.2670989906274119363 ) ) ;
#1877 = ORIENTED_EDGE ( 'NONE', *, *, #1392, .F. ) ;
#1878 = CARTESIAN_POINT ( 'NONE',  ( -1.520000000000000684, -0.1000000000000000056, -0.7000000000000000666 ) ) ;
#1879 =( LENGTH_UNIT ( ) NAMED_UNIT ( * ) SI_UNIT ( .MILLI., .METRE. ) );
#1880 = LINE ( 'NONE', #954, #1666 ) ;
#1881 = CARTESIAN_POINT ( 'NONE',  ( -0.3261715882539122369, 0.5100000000000000089, -0.06382462480702892627 ) ) ;
#1882 = PLANE ( 'NONE',  #1462 ) ;
#1883 = VERTEX_POINT ( 'NONE', #1128 ) ;
#1884 = ORIENTED_EDGE ( 'NONE', *, *, #446, .F. ) ;
#1885 = PRESENTATION_LAYER_ASSIGNMENT (  '', '', ( #1619 ) ) ;
#1886 = CARTESIAN_POINT ( 'NONE',  ( 1.200000000000000178, -0.4100000000000001976, 1.240000000000000213 ) ) ;
#1887 = STYLED_ITEM ( 'NONE', ( #1456 ), #1589 ) ;
#1888 = PLANE ( 'NONE',  #1006 ) ;
#1889 = STYLED_ITEM ( 'NONE', ( #9 ), #88 ) ;
#1890 = B_SPLINE_CURVE_WITH_KNOTS ( 'NONE', 3,
 ( #504, #123, #1501, #1292, #2222, #2032 ),
 .UNSPECIFIED., .F., .F.,
 ( 4, 1, 1, 4 ),
 ( 0.0000000000000000000, 0.2491513172947293353, 0.4992307202646932840, 0.9992335116984266685 ),
 .UNSPECIFIED. ) ;
#1891 = SURFACE_SIDE_STYLE ('',( #2352 ) ) ;
#1892 = EDGE_LOOP ( 'NONE', ( #1751, #973, #1241, #1340 ) ) ;
#1893 = DIRECTION ( 'NONE',  ( 0.0000000000000000000, -0.9848077530122093526, 0.1736481776669235311 ) ) ;
#1894 = APPLICATION_CONTEXT ( 'automotive_design' ) ;
#1895 = CARTESIAN_POINT ( 'NONE',  ( -0.6471679468319450068, 0.5100000000000000089, -0.2909085144368850906 ) ) ;
#1896 = DIRECTION ( 'NONE',  ( -1.000000000000000000, -0.0000000000000000000, -0.0000000000000000000 ) ) ;
#1897 =( NAMED_UNIT ( * ) SI_UNIT ( $, .STERADIAN. ) SOLID_ANGLE_UNIT ( ) );
#1898 = FACE_OUTER_BOUND ( 'NONE', #2132, .T. ) ;
#1899 = SURFACE_SIDE_STYLE ('',( #2732 ) ) ;
#1900 = FACE_OUTER_BOUND ( 'NONE', #15, .T. ) ;
#1901 = DIRECTION ( 'NONE',  ( 0.0000000000000000000, -1.000000000000000000, 0.0000000000000000000 ) ) ;
#1902 =( GEOMETRIC_REPRESENTATION_CONTEXT ( 3 ) GLOBAL_UNCERTAINTY_ASSIGNED_CONTEXT ( ( #163 ) ) GLOBAL_UNIT_ASSIGNED_CONTEXT ( ( #2606, #1682, #1844 ) ) REPRESENTATION_CONTEXT ( 'NONE', 'WORKASPACE' ) );
#1903 = EDGE_CURVE ( 'NONE', #1466, #1883, #751, .T. ) ;
#1904 = FACE_OUTER_BOUND ( 'NONE', #366, .T. ) ;
#1905 = ADVANCED_BREP_SHAPE_REPRESENTATION ( 'SP0502BAHTG', ( #1542, #1494, #1868, #54, #2485 ), #1230 ) ;
#1906 = CARTESIAN_POINT ( 'NONE',  ( -0.4420397417037330023, 0.5100000000000000089, -0.2823611725565666752 ) ) ;
#1907 = AXIS2_PLACEMENT_3D ( 'NONE', #1554, #908, #1689 ) ;
#1908 = B_SPLINE_CURVE_WITH_KNOTS ( 'NONE', 3,
 ( #1752, #2091, #646, #735, #1166 ),
 .UNSPECIFIED., .F., .F.,
 ( 4, 1, 4 ),
 ( 0.0000000000000000000, 0.4405838420471935302, 1.000000000000000000 ),
 .UNSPECIFIED. ) ;
#1909 = DIRECTION ( 'NONE',  ( -0.0000000000000000000, -1.000000000000000000, -0.0000000000000000000 ) ) ;
#1910 = ORIENTED_EDGE ( 'NONE', *, *, #42, .T. ) ;
#1911 = CARTESIAN_POINT ( 'NONE',  ( 1.200000000000000178, 0.1000000000000001860, 0.7000000000000000666 ) ) ;
#1912 = CARTESIAN_POINT ( 'NONE',  ( 0.03231923265527245070, 0.5100000000000000089, -0.1370623605907847486 ) ) ;
#1913 = SURFACE_STYLE_FILL_AREA ( #2197 ) ;
#1914 = ORIENTED_EDGE ( 'NONE', *, *, #982, .T. ) ;
#1915 = EDGE_CURVE ( 'NONE', #2540, #927, #349, .T. ) ;
#1916 = UNCERTAINTY_MEASURE_WITH_UNIT (LENGTH_MEASURE( 1.000000000000000082E-05 ), #2637, 'distance_accuracy_value', 'NONE');
#1917 = EDGE_LOOP ( 'NONE', ( #2283, #2010, #1681, #2078 ) ) ;
#1918 = ORIENTED_EDGE ( 'NONE', *, *, #2369, .T. ) ;
#1919 = MECHANICAL_DESIGN_GEOMETRIC_PRESENTATION_REPRESENTATION (  '', ( #1653 ), #2056 ) ;
#1920 = CARTESIAN_POINT ( 'NONE',  ( 0.5406993074415910039, 0.5100000000000000089, 0.1578094342810311967 ) ) ;
#1921 = MECHANICAL_DESIGN_GEOMETRIC_PRESENTATION_REPRESENTATION (  '', ( #1515 ), #2058 ) ;
#1922 = COLOUR_RGB ( '',0.6470588235294117974, 0.6196078431372549211, 0.5882352941176470784 ) ;
#1923 = EDGE_LOOP ( 'NONE', ( #1185, #662, #2363, #2516, #2402, #1304, #1976, #2533 ) ) ;
#1924 =( NAMED_UNIT ( * ) SI_UNIT ( $, .STERADIAN. ) SOLID_ANGLE_UNIT ( ) );
#1925 = LINE ( 'NONE', #2152, #300 ) ;
#1926 = ORIENTED_EDGE ( 'NONE', *, *, #685, .F. ) ;
#1927 = PLANE ( 'NONE',  #2512 ) ;
#1928 = EDGE_CURVE ( 'NONE', #1434, #2574, #1317, .T. ) ;
#1929 = CARTESIAN_POINT ( 'NONE',  ( -1.200000000000000178, 0.1000000000000001860, 0.8500000000000000888 ) ) ;
#1930 = FILL_AREA_STYLE_COLOUR ( '', #2328 ) ;
#1931 = AXIS2_PLACEMENT_3D ( 'NONE', #1878, #622, #2090 ) ;
#1932 = MECHANICAL_DESIGN_GEOMETRIC_PRESENTATION_REPRESENTATION (  '', ( #1673 ), #2075 ) ;
#1933 = EDGE_CURVE ( 'NONE', #2312, #52, #1586, .T. ) ;
#1934 = MECHANICAL_DESIGN_GEOMETRIC_PRESENTATION_REPRESENTATION (  '', ( #1676 ), #2077 ) ;
#1935 = FACE_BOUND ( 'NONE', #1055, .T. ) ;
#1936 = CARTESIAN_POINT ( 'NONE',  ( -1.200000000000000178, -0.4100000000000001976, 1.240000000000000213 ) ) ;
#1937 = FILL_AREA_STYLE_COLOUR ( '', #235 ) ;
#1938 = VECTOR ( 'NONE', #2541, 1000.000000000000000 ) ;
#1939 = ORIENTED_EDGE ( 'NONE', *, *, #1815, .F. ) ;
#1940 = FILL_AREA_STYLE ('',( #1514 ) ) ;
#1941 = ORIENTED_EDGE ( 'NONE', *, *, #2034, .F. ) ;
#1942 = FILL_AREA_STYLE ('',( #1454 ) ) ;
#1943 = ORIENTED_EDGE ( 'NONE', *, *, #1526, .F. ) ;
#1944 = CARTESIAN_POINT ( 'NONE',  ( 0.6999999999999999556, -0.6100000000000002087, 0.9630788914346360974 ) ) ;
#1945 = ORIENTED_EDGE ( 'NONE', *, *, #1511, .F. ) ;
#1946 = ORIENTED_EDGE ( 'NONE', *, *, #793, .T. ) ;
#1947 = DIRECTION ( 'NONE',  ( 0.0000000000000000000, -0.4257970363298793082, 0.9048187022009942515 ) ) ;
#1948 = EDGE_CURVE ( 'NONE', #217, #1142, #179, .T. ) ;
#1949 = SURFACE_STYLE_FILL_AREA ( #1659 ) ;
#1950 = EDGE_LOOP ( 'NONE', ( #2141, #1945, #1926, #221 ) ) ;
#1951 = CARTESIAN_POINT ( 'NONE',  ( -0.4648317644957579708, 0.5100000000000000089, -0.2909085144369061293 ) ) ;
#1952 = CARTESIAN_POINT ( 'NONE',  ( -0.09558541478061699515, 0.5100000000000000089, 0.08479260735793495152 ) ) ;
#1953 = PRESENTATION_STYLE_ASSIGNMENT (( #1178 ) ) ;
#1954 = FILL_AREA_STYLE_COLOUR ( '', #1553 ) ;
#1955 = CARTESIAN_POINT ( 'NONE',  ( 0.0000000000000000000, 0.5100000000000000089, 0.0000000000000000000 ) ) ;
#1956 = ADVANCED_FACE ( 'NONE', ( #681 ), #491, .F. ) ;
#1957 = STYLED_ITEM ( 'NONE', ( #294 ), #910 ) ;
#1958 = CARTESIAN_POINT ( 'NONE',  ( -0.4420397417037305599, 0.5100000000000000089, -0.2652673221292165540 ) ) ;
#1959 = CARTESIAN_POINT ( 'NONE',  ( -1.200000000000000178, -0.6100000000000002087, 0.9630788914346360974 ) ) ;
#1960 = LINE ( 'NONE', #1219, #1424 ) ;
#1961 = FILL_AREA_STYLE ('',( #265 ) ) ;
#1962 = DIRECTION ( 'NONE',  ( -0.0000000000000000000, -0.0000000000000000000, 1.000000000000000000 ) ) ;
#1963 = UNCERTAINTY_MEASURE_WITH_UNIT (LENGTH_MEASURE( 1.000000000000000082E-05 ), #29, 'distance_accuracy_value', 'NONE');
#1964 = EDGE_CURVE ( 'NONE', #2107, #2671, #1063, .T. ) ;
#1965 = FILL_AREA_STYLE ('',( #1984 ) ) ;
#1966 = CARTESIAN_POINT ( 'NONE',  ( 0.3528320531680873007, 0.5100000000000000089, 0.2005444770160665358 ) ) ;
#1967 = ADVANCED_FACE ( 'NONE', ( #1616 ), #725, .T. ) ;
#1968 =( GEOMETRIC_REPRESENTATION_CONTEXT ( 3 ) GLOBAL_UNCERTAINTY_ASSIGNED_CONTEXT ( ( #1339 ) ) GLOBAL_UNIT_ASSIGNED_CONTEXT ( ( #2641, #1399, #102 ) ) REPRESENTATION_CONTEXT ( 'NONE', 'WORKASPACE' ) );
#1969 = CARTESIAN_POINT ( 'NONE',  ( 0.1908395318005765007, 0.5100000000000000089, 0.01940465329810766443 ) ) ;
#1970 = PRESENTATION_LAYER_ASSIGNMENT (  '', '', ( #1708 ) ) ;
#1971 = PRESENTATION_LAYER_ASSIGNMENT (  '', '', ( #1709 ) ) ;
#1972 = FILL_AREA_STYLE_COLOUR ( '', #997 ) ;
#1973 = CARTESIAN_POINT ( 'NONE',  ( 1.200000000000000178, -0.09999999999999982514, 0.7230788914346361063 ) ) ;
#1974 = CARTESIAN_POINT ( 'NONE',  ( 0.5171950339373254657, 0.5100000000000000089, -0.02808800161641270346 ) ) ;
#1975 = VERTEX_POINT ( 'NONE', #734 ) ;
#1976 = ORIENTED_EDGE ( 'NONE', *, *, #1458, .F. ) ;
#1977 = FILL_AREA_STYLE_COLOUR ( '', #2351 ) ;
#1978 = DIRECTION ( 'NONE',  ( 0.1736481776669238086, -0.9848077530122092416, 0.0000000000000000000 ) ) ;
#1979 = VERTEX_POINT ( 'NONE', #316 ) ;
#1980 = CARTESIAN_POINT ( 'NONE',  ( 0.5381947169971610379, 0.5100000000000000089, -0.2396264631548805923 ) ) ;
#1981 = ADVANCED_FACE ( 'NONE', ( #1898 ), #541, .F. ) ;
#1982 = ORIENTED_EDGE ( 'NONE', *, *, #210, .F. ) ;
#1983 = VECTOR ( 'NONE', #611, 1000.000000000000000 ) ;
#1984 = FILL_AREA_STYLE_COLOUR ( '', #113 ) ;
#1985 = STYLED_ITEM ( 'NONE', ( #2385 ), #2159 ) ;
#1986 = STYLED_ITEM ( 'NONE', ( #2589 ), #1363 ) ;
#1987 = EDGE_CURVE ( 'NONE', #1634, #1279, #61, .T. ) ;
#1988 = B_SPLINE_CURVE_WITH_KNOTS ( 'NONE', 3,
 ( #674, #1418, #757, #687, #2213, #1610, #1992 ),
 .UNSPECIFIED., .F., .F.,
 ( 4, 1, 1, 1, 4 ),
 ( 0.0000000000000000000, 0.2499513326515436507, 0.4997558646632361823, 0.7496292440005151159, 0.9999980773664700617 ),
 .UNSPECIFIED. ) ;
#1989 = CARTESIAN_POINT ( 'NONE',  ( -0.3715269211908821534, 0.5100000000000000089, -0.04070819392410106319 ) ) ;
#1990 = SURFACE_STYLE_USAGE ( .BOTH. , #2266 ) ;
#1991 = CARTESIAN_POINT ( 'NONE',  ( 0.5025217230398902890, 0.5100000000000000089, -0.07937005289846650602 ) ) ;
#1992 = CARTESIAN_POINT ( 'NONE',  ( 0.03231923265527245070, 0.5100000000000000089, -0.1370623605907847486 ) ) ;
#1993 = ADVANCED_FACE ( 'NONE', ( #849 ), #2233, .F. ) ;
#1994 = SURFACE_STYLE_FILL_AREA ( #2649 ) ;
#1995 = SURFACE_STYLE_USAGE ( .BOTH. , #527 ) ;
#1996 = DIRECTION ( 'NONE',  ( 0.0000000000000000000, 0.0000000000000000000, 1.000000000000000000 ) ) ;
#1997 = UNCERTAINTY_MEASURE_WITH_UNIT (LENGTH_MEASURE( 1.000000000000000082E-05 ), #746, 'distance_accuracy_value', 'NONE');
#1998 = FILL_AREA_STYLE ('',( #1360 ) ) ;
#1999 = FILL_AREA_STYLE_COLOUR ( '', #2625 ) ;
#2000 = FACE_BOUND ( 'NONE', #2319, .T. ) ;
#2001 = SURFACE_SIDE_STYLE ('',( #648 ) ) ;
#2002 = EDGE_CURVE ( 'NONE', #2136, #1859, #1007, .T. ) ;
#2003 = CARTESIAN_POINT ( 'NONE',  ( 0.4651117006039817148, 0.5100000000000000089, 0.2090914855630804092 ) ) ;
#2004 = FILL_AREA_STYLE_COLOUR ( '', #1758 ) ;
#2005 = LINE ( 'NONE', #2234, #1521 ) ;
#2006 = ORIENTED_EDGE ( 'NONE', *, *, #1391, .F. ) ;
#2007 = SURFACE_SIDE_STYLE ('',( #2456 ) ) ;
#2008 = ORIENTED_EDGE ( 'NONE', *, *, #1281, .F. ) ;
#2009 = LINE ( 'NONE', #2041, #2069 ) ;
#2010 = ORIENTED_EDGE ( 'NONE', *, *, #750, .F. ) ;
#2011 = FILL_AREA_STYLE ('',( #1504 ) ) ;
#2012 =( LENGTH_UNIT ( ) NAMED_UNIT ( * ) SI_UNIT ( .MILLI., .METRE. ) );
#2013 = DIRECTION ( 'NONE',  ( -1.000000000000000000, 0.0000000000000000000, -0.0000000000000000000 ) ) ;
#2014 = ORIENTED_EDGE ( 'NONE', *, *, #2196, .T. ) ;
#2015 = ORIENTED_EDGE ( 'NONE', *, *, #302, .F. ) ;
#2016 = UNCERTAINTY_MEASURE_WITH_UNIT (LENGTH_MEASURE( 1.000000000000000082E-05 ), #1262, 'distance_accuracy_value', 'NONE');
#2017 = ORIENTED_EDGE ( 'NONE', *, *, #2054, .F. ) ;
#2018 = CARTESIAN_POINT ( 'NONE',  ( -0.2028570493960005772, 0.5100000000000000089, 0.1706299471015247926 ) ) ;
#2019 = DIRECTION ( 'NONE',  ( -1.000000000000000000, -0.0000000000000000000, -0.0000000000000000000 ) ) ;
#2020 = DIRECTION ( 'NONE',  ( -0.0000000000000000000, 0.0000000000000000000, -1.000000000000000000 ) ) ;
#2021 = VECTOR ( 'NONE', #1774, 1000.000000000000114 ) ;
#2022 = FILL_AREA_STYLE ('',( #1697 ) ) ;
#2023 =( LENGTH_UNIT ( ) NAMED_UNIT ( * ) SI_UNIT ( .MILLI., .METRE. ) );
#2024 = CARTESIAN_POINT ( 'NONE',  ( 0.0000000000000000000, 0.5100000000000000089, 0.0000000000000000000 ) ) ;
#2025 = EDGE_CURVE ( 'NONE', #1327, #1434, #994, .T. ) ;
#2026 = MECHANICAL_DESIGN_GEOMETRIC_PRESENTATION_REPRESENTATION (  '', ( #1619 ), #2160 ) ;
#2027 = AXIS2_PLACEMENT_3D ( 'NONE', #988, #768, #2020 ) ;
#2028 = AXIS2_PLACEMENT_3D ( 'NONE', #683, #1611, #1085 ) ;
#2029 = CARTESIAN_POINT ( 'NONE',  ( -0.7437185102529761949, 0.5100000000000000089, 0.1056194972453591147 ) ) ;
#2030 = SURFACE_STYLE_USAGE ( .BOTH. , #2467 ) ;
#2031 = SURFACE_STYLE_FILL_AREA ( #6 ) ;
#2032 = CARTESIAN_POINT ( 'NONE',  ( 0.5513496813732148283, 0.5100000000000000089, 0.1578094342810316963 ) ) ;
#2033 = CARTESIAN_POINT ( 'NONE',  ( -0.4228089724729277576, 0.5100000000000000089, 0.04573010735795115383 ) ) ;
#2034 = EDGE_CURVE ( 'NONE', #567, #2574, #1548, .T. ) ;
#2035 = FACE_OUTER_BOUND ( 'NONE', #1923, .T. ) ;
#2036 = LINE ( 'NONE', #2265, #2459 ) ;
#2037 = SURFACE_SIDE_STYLE ('',( #452 ) ) ;
#2038 = DIRECTION ( 'NONE',  ( -1.000000000000000000, -0.0000000000000000000, -0.0000000000000000000 ) ) ;
#2039 = COLOUR_RGB ( '',0.6470588235294117974, 0.6196078431372549211, 0.5882352941176470784 ) ;
#2040 = EDGE_CURVE ( 'NONE', #1237, #600, #2657, .T. ) ;
#2041 = CARTESIAN_POINT ( 'NONE',  ( -0.2500000000000000000, 0.1000000000000001860, -0.7000000000000000666 ) ) ;
#2042 = SURFACE_STYLE_FILL_AREA ( #843 ) ;
#2043 = PRODUCT ( 'SP0502BAHTG', 'SP0502BAHTG', '', ( #940 ) ) ;
#2044 = ORIENTED_EDGE ( 'NONE', *, *, #847, .T. ) ;
#2045 = CARTESIAN_POINT ( 'NONE',  ( 0.6107447134245037601, 0.5100000000000000089, -0.02217854648820374863 ) ) ;
#2046 = PRESENTATION_LAYER_ASSIGNMENT (  '', '', ( #1766 ) ) ;
#2047 = VERTEX_POINT ( 'NONE', #1008 ) ;
#2048 =( LENGTH_UNIT ( ) NAMED_UNIT ( * ) SI_UNIT ( .MILLI., .METRE. ) );
#2049 = PRESENTATION_STYLE_ASSIGNMENT (( #719 ) ) ;
#2050 = CARTESIAN_POINT ( 'NONE',  ( 0.5101835651330313137, 0.5100000000000000089, 0.2090914855630826574 ) ) ;
#2051 = ORIENTED_EDGE ( 'NONE', *, *, #1702, .T. ) ;
#2052 = CARTESIAN_POINT ( 'NONE',  ( 0.6731181872538483102, 0.5100000000000000089, -0.001821163222149922148 ) ) ;
#2053 = FILL_AREA_STYLE ('',( #1450 ) ) ;
#2054 = EDGE_CURVE ( 'NONE', #2600, #2595, #415, .T. ) ;
#2055 = DIRECTION ( 'NONE',  ( 1.000000000000000000, 0.0000000000000000000, 0.0000000000000000000 ) ) ;
#2056 =( GEOMETRIC_REPRESENTATION_CONTEXT ( 3 ) GLOBAL_UNCERTAINTY_ASSIGNED_CONTEXT ( ( #2016 ) ) GLOBAL_UNIT_ASSIGNED_CONTEXT ( ( #1262, #414, #885 ) ) REPRESENTATION_CONTEXT ( 'NONE', 'WORKASPACE' ) );
#2057 = VECTOR ( 'NONE', #708, 1000.000000000000000 ) ;
#2058 =( GEOMETRIC_REPRESENTATION_CONTEXT ( 3 ) GLOBAL_UNCERTAINTY_ASSIGNED_CONTEXT ( ( #141 ) ) GLOBAL_UNIT_ASSIGNED_CONTEXT ( ( #333, #1694, #1056 ) ) REPRESENTATION_CONTEXT ( 'NONE', 'WORKASPACE' ) );
#2059 = B_SPLINE_CURVE_WITH_KNOTS ( 'NONE', 3,
 ( #576, #1834, #1223, #2678, #1433 ),
 .UNSPECIFIED., .F., .F.,
 ( 4, 1, 4 ),
 ( 0.0000000000000000000, 0.4445368050735457599, 0.9999962143817595628 ),
 .UNSPECIFIED. ) ;
#2060 = PLANE ( 'NONE',  #1103 ) ;
#2061 = DIRECTION ( 'NONE',  ( 0.0000000000000000000, -0.0000000000000000000, -1.000000000000000000 ) ) ;
#2062 = LINE ( 'NONE', #87, #1519 ) ;
#2063 = CARTESIAN_POINT ( 'NONE',  ( -0.2028570493960282772, 0.5100000000000000089, -0.2524469759753899534 ) ) ;
#2064 = UNCERTAINTY_MEASURE_WITH_UNIT (LENGTH_MEASURE( 1.000000000000000082E-05 ), #2631, 'distance_accuracy_value', 'NONE');
#2065 = LINE ( 'NONE', #591, #884 ) ;
#2066 =( NAMED_UNIT ( * ) SI_UNIT ( $, .STERADIAN. ) SOLID_ANGLE_UNIT ( ) );
#2067 = VECTOR ( 'NONE', #1316, 1000.000000000000000 ) ;
#2068 = CARTESIAN_POINT ( 'NONE',  ( 0.2500000000000000000, -0.6100000000000002087, -0.9630788914346360974 ) ) ;
#2069 = VECTOR ( 'NONE', #2421, 1000.000000000000000 ) ;
#2070 = ORIENTED_EDGE ( 'NONE', *, *, #81, .T. ) ;
#2071 = FILL_AREA_STYLE_COLOUR ( '', #1686 ) ;
#2072 = VERTEX_POINT ( 'NONE', #1430 ) ;
#2073 = PRESENTATION_LAYER_ASSIGNMENT (  '', '', ( #1800 ) ) ;
#2074 = SURFACE_STYLE_USAGE ( .BOTH. , #1825 ) ;
#2075 =( GEOMETRIC_REPRESENTATION_CONTEXT ( 3 ) GLOBAL_UNCERTAINTY_ASSIGNED_CONTEXT ( ( #1355 ) ) GLOBAL_UNIT_ASSIGNED_CONTEXT ( ( #1151, #1764, #274 ) ) REPRESENTATION_CONTEXT ( 'NONE', 'WORKASPACE' ) );
#2076 = EDGE_CURVE ( 'NONE', #2407, #865, #1960, .T. ) ;
#2077 =( GEOMETRIC_REPRESENTATION_CONTEXT ( 3 ) GLOBAL_UNCERTAINTY_ASSIGNED_CONTEXT ( ( #1226 ) ) GLOBAL_UNIT_ASSIGNED_CONTEXT ( ( #1861, #628, #290 ) ) REPRESENTATION_CONTEXT ( 'NONE', 'WORKASPACE' ) );
#2078 = ORIENTED_EDGE ( 'NONE', *, *, #2034, .T. ) ;
#2079 = B_SPLINE_CURVE_WITH_KNOTS ( 'NONE', 3,
 ( #96, #1846, #1402, #578, #1552 ),
 .UNSPECIFIED., .F., .F.,
 ( 4, 1, 4 ),
 ( 0.0000000000000000000, 0.4440849406495552265, 0.9999966859983056011 ),
 .UNSPECIFIED. ) ;
#2080 = EDGE_LOOP ( 'NONE', ( #2709, #2480, #1982, #2210 ) ) ;
#2081 = CARTESIAN_POINT ( 'NONE',  ( 0.5656733476153673612, 0.5100000000000000089, -0.2905302700558663465 ) ) ;
#2082 = ORIENTED_EDGE ( 'NONE', *, *, #1105, .F. ) ;
#2083 = CARTESIAN_POINT ( 'NONE',  ( -0.1252423738679573073, 0.5100000000000000089, 0.1515763829833178256 ) ) ;
#2084 = CARTESIAN_POINT ( 'NONE',  ( -0.2713992499696050165, 0.5100000000000000089, -0.2379251293305011672 ) ) ;
#2085 = VECTOR ( 'NONE', #1826, 1000.000000000000000 ) ;
#2086 = UNCERTAINTY_MEASURE_WITH_UNIT (LENGTH_MEASURE( 1.000000000000000082E-05 ), #2225, 'distance_accuracy_value', 'NONE');
#2087 = ORIENTED_EDGE ( 'NONE', *, *, #7, .T. ) ;
#2088 = DIRECTION ( 'NONE',  ( 0.0000000000000000000, 0.0000000000000000000, 1.000000000000000000 ) ) ;
#2089 = CARTESIAN_POINT ( 'NONE',  ( 0.5171950339373254657, 0.5100000000000000089, -0.02808800161641270346 ) ) ;
#2090 = DIRECTION ( 'NONE',  ( -0.1736481776669238086, 0.9848077530122092416, 0.0000000000000000000 ) ) ;
#2091 = CARTESIAN_POINT ( 'NONE',  ( -0.6828068122140306118, 0.5100000000000000089, -0.04687927583868437692 ) ) ;
#2092 =( GEOMETRIC_REPRESENTATION_CONTEXT ( 3 ) GLOBAL_UNCERTAINTY_ASSIGNED_CONTEXT ( ( #348 ) ) GLOBAL_UNIT_ASSIGNED_CONTEXT ( ( #1194, #1170, #297 ) ) REPRESENTATION_CONTEXT ( 'NONE', 'WORKASPACE' ) );
#2093 = EDGE_CURVE ( 'NONE', #1609, #2285, #2522, .T. ) ;
#2094 = LINE ( 'NONE', #2332, #2580 ) ;
#2095 = CARTESIAN_POINT ( 'NONE',  ( 0.07719102752706756554, 0.5100000000000000089, -0.1370623605907849984 ) ) ;
#2096 = VECTOR ( 'NONE', #2240, 1000.000000000000000 ) ;
#2097 = AXIS2_PLACEMENT_3D ( 'NONE', #2254, #1829, #1978 ) ;
#2098 = B_SPLINE_CURVE_WITH_KNOTS ( 'NONE', 3,
 ( #1432, #1459, #153, #2381, #273, #1114 ),
 .UNSPECIFIED., .F., .F.,
 ( 4, 1, 1, 4 ),
 ( 0.0000000000000000000, 0.3331677385249365853, 0.6664672396106601227, 0.9999973649990927527 ),
 .UNSPECIFIED. ) ;
#2099 = STYLED_ITEM ( 'NONE', ( #267 ), #1981 ) ;
#2100 = LINE ( 'NONE', #1130, #478 ) ;
#2101 =( LENGTH_UNIT ( ) NAMED_UNIT ( * ) SI_UNIT ( .MILLI., .METRE. ) );
#2102 = CARTESIAN_POINT ( 'NONE',  ( 0.7330806649105860995, 0.5100000000000000089, 0.09370642503059757600 ) ) ;
#2103 = SURFACE_STYLE_USAGE ( .BOTH. , #2236 ) ;
#2104 = LINE ( 'NONE', #469, #426 ) ;
#2105 = CARTESIAN_POINT ( 'NONE',  ( -0.6282412015714652354, 0.5100000000000000089, -0.1110936231395414225 ) ) ;
#2106 = EDGE_CURVE ( 'NONE', #1858, #2565, #2036, .T. ) ;
#2107 = VERTEX_POINT ( 'NONE', #2672 ) ;
#2108 = ORIENTED_EDGE ( 'NONE', *, *, #1087, .F. ) ;
#2109 = SURFACE_STYLE_USAGE ( .BOTH. , #419 ) ;
#2110 = MECHANICAL_DESIGN_GEOMETRIC_PRESENTATION_REPRESENTATION (  '', ( #1709 ), #2263 ) ;
#2111 = ORIENTED_EDGE ( 'NONE', *, *, #1674, .T. ) ;
#2112 = EDGE_LOOP ( 'NONE', ( #1669, #1080, #900, #1918, #2566, #2699 ) ) ;
#2113 = B_SPLINE_CURVE_WITH_KNOTS ( 'NONE', 3,
 ( #2575, #896, #1190, #716, #2045 ),
 .UNSPECIFIED., .F., .F.,
 ( 4, 1, 4 ),
 ( 0.0000000000000000000, 0.4402660091490488981, 0.9999917976105270334 ),
 .UNSPECIFIED. ) ;
#2114 = DIRECTION ( 'NONE',  ( -0.0000000000000000000, -0.0000000000000000000, 1.000000000000000000 ) ) ;
#2115 = ORIENTED_EDGE ( 'NONE', *, *, #1631, .F. ) ;
#2116 = CARTESIAN_POINT ( 'NONE',  ( -0.2500000000000000000, -0.09999999999999982514, -0.7230788914346361063 ) ) ;
#2117 = PRESENTATION_STYLE_ASSIGNMENT (( #111 ) ) ;
#2118 = CARTESIAN_POINT ( 'NONE',  ( -1.520055000000000378, -0.1000000000000001721, 0.7000000000000000666 ) ) ;
#2119 = DIRECTION ( 'NONE',  ( 0.0000000000000000000, 0.0000000000000000000, -1.000000000000000000 ) ) ;
#2120 = LINE ( 'NONE', #2744, #1030 ) ;
#2121 = AXIS2_PLACEMENT_3D ( 'NONE', #340, #1819, #559 ) ;
#2122 = AXIS2_PLACEMENT_3D ( 'NONE', #2348, #660, #1739 ) ;
#2123 = EDGE_CURVE ( 'NONE', #1049, #2505, #856, .T. ) ;
#2124 = CARTESIAN_POINT ( 'NONE',  ( 0.4874474377834775995, 0.5100000000000000089, -0.2396264631548823409 ) ) ;
#2125 = CARTESIAN_POINT ( 'NONE',  ( -0.6121118570883471444, 0.5100000000000000089, -0.2396264631548397084 ) ) ;
#2126 = VECTOR ( 'NONE', #286, 1000.000000000000000 ) ;
#2127 = UNCERTAINTY_MEASURE_WITH_UNIT (LENGTH_MEASURE( 1.000000000000000082E-05 ), #1605, 'distance_accuracy_value', 'NONE');
#2128 = CARTESIAN_POINT ( 'NONE',  ( 1.200000000000000178, -0.4100000000000001976, 1.090000000000000080 ) ) ;
#2129 = VECTOR ( 'NONE', #2275, 1000.000000000000000 ) ;
#2130 = VECTOR ( 'NONE', #1723, 1000.000000000000000 ) ;
#2131 = VECTOR ( 'NONE', #470, 1000.000000000000000 ) ;
#2132 = EDGE_LOOP ( 'NONE', ( #605, #1724, #872, #1946 ) ) ;
#2133 = CARTESIAN_POINT ( 'NONE',  ( 0.2214141782116072210, 0.5100000000000000089, -0.01306327932522425433 ) ) ;
#2134 = CARTESIAN_POINT ( 'NONE',  ( -1.200000000000000178, -0.6100000000000002087, 0.9630788914346360974 ) ) ;
#2135 = PRESENTATION_STYLE_ASSIGNMENT (( #698 ) ) ;
#2136 = VERTEX_POINT ( 'NONE', #1224 ) ;
#2137 = CARTESIAN_POINT ( 'NONE',  ( 0.4425756429116745050, 0.5100000000000000089, 0.2090914855630793268 ) ) ;
#2138 = FILL_AREA_STYLE ('',( #1930 ) ) ;
#2139 = ORIENTED_EDGE ( 'NONE', *, *, #1263, .F. ) ;
#2140 = EDGE_CURVE ( 'NONE', #1287, #1721, #1077, .T. ) ;
#2141 = ORIENTED_EDGE ( 'NONE', *, *, #1933, .T. ) ;
#2142 = ORIENTED_EDGE ( 'NONE', *, *, #42, .F. ) ;
#2143 = APPLICATION_PROTOCOL_DEFINITION ( 'draft international standard', 'automotive_design', 1998, #1894 ) ;
#2144 = VERTEX_POINT ( 'NONE', #2477 ) ;
#2145 = DIRECTION ( 'NONE',  ( 0.0000000000000000000, -0.9048187022009942515, 0.4257970363298793082 ) ) ;
#2146 = CARTESIAN_POINT ( 'NONE',  ( 0.2500000000000000000, -0.6100000000000002087, -0.9630788914346360974 ) ) ;
#2147 = STYLED_ITEM ( 'NONE', ( #2503 ), #704 ) ;
#2148 = MECHANICAL_DESIGN_GEOMETRIC_PRESENTATION_REPRESENTATION (  '', ( #1708 ), #2297 ) ;
#2149 = VECTOR ( 'NONE', #328, 1000.000000000000114 ) ;
#2150 = DIRECTION ( 'NONE',  ( -0.0000000000000000000, -0.0000000000000000000, 1.000000000000000000 ) ) ;
#2151 = VERTEX_POINT ( 'NONE', #1232 ) ;
#2152 = CARTESIAN_POINT ( 'NONE',  ( 0.2500000000000000000, 0.1000000000000001860, -0.8500000000000000888 ) ) ;
#2153 = CARTESIAN_POINT ( 'NONE',  ( -0.1751157556973098606, 0.5100000000000000089, 0.1638197592779728762 ) ) ;
#2154 =( NAMED_UNIT ( * ) SI_UNIT ( $, .STERADIAN. ) SOLID_ANGLE_UNIT ( ) );
#2155 = DIRECTION ( 'NONE',  ( 0.0000000000000000000, 1.000000000000000000, 0.0000000000000000000 ) ) ;
#2156 = LINE ( 'NONE', #430, #554 ) ;
#2157 = SURFACE_STYLE_FILL_AREA ( #2602 ) ;
#2158 = CARTESIAN_POINT ( 'NONE',  ( -1.200000000000000178, -0.4100000000000001976, 1.090000000000000080 ) ) ;
#2159 = ADVANCED_FACE ( 'NONE', ( #1900 ), #1025, .F. ) ;
#2160 =( GEOMETRIC_REPRESENTATION_CONTEXT ( 3 ) GLOBAL_UNCERTAINTY_ASSIGNED_CONTEXT ( ( #20 ) ) GLOBAL_UNIT_ASSIGNED_CONTEXT ( ( #32, #1539, #249 ) ) REPRESENTATION_CONTEXT ( 'NONE', 'WORKASPACE' ) );
#2161 = CARTESIAN_POINT ( 'NONE',  ( -0.5787918784558748753, 0.5100000000000000089, -0.2909085144368936948 ) ) ;
#2162 = PRESENTATION_LAYER_ASSIGNMENT (  '', '', ( #1887 ) ) ;
#2163 = CARTESIAN_POINT ( 'NONE',  ( 0.4425756429116803892, 0.5100000000000000089, -0.2909085144369362164 ) ) ;
#2164 = PRESENTATION_LAYER_ASSIGNMENT (  '', '', ( #1889 ) ) ;
#2165 = CARTESIAN_POINT ( 'NONE',  ( 0.3015500018860431397, 0.5100000000000000089, -0.1510847964882187922 ) ) ;
#2166 =( LENGTH_UNIT ( ) NAMED_UNIT ( * ) SI_UNIT ( .MILLI., .METRE. ) );
#2167 = SURFACE_STYLE_FILL_AREA ( #1820 ) ;
#2168 = CARTESIAN_POINT ( 'NONE',  ( -0.09558541478061699515, 0.5100000000000000089, 0.08479260735793495152 ) ) ;
#2169 = DIRECTION ( 'NONE',  ( 0.0000000000000000000, 1.000000000000000000, 0.0000000000000000000 ) ) ;
#2170 = CARTESIAN_POINT ( 'NONE',  ( 0.2558385289813677188, 0.5100000000000000089, 0.01293300059625201483 ) ) ;
#2171 = VERTEX_POINT ( 'NONE', #1243 ) ;
#2172 = SURFACE_SIDE_STYLE ('',( #823 ) ) ;
#2173 = SURFACE_SIDE_STYLE ('',( #1066 ) ) ;
#2174 = ADVANCED_FACE ( 'NONE', ( #1153 ), #2060, .F. ) ;
#2175 = ORIENTED_EDGE ( 'NONE', *, *, #864, .F. ) ;
#2176 = VERTEX_POINT ( 'NONE', #2488 ) ;
#2177 = CARTESIAN_POINT ( 'NONE',  ( -0.09488952609903554547, 0.5100000000000000089, -0.1759449362488888502 ) ) ;
#2178 = VERTEX_POINT ( 'NONE', #1464 ) ;
#2179 = STYLED_ITEM ( 'NONE', ( #139 ), #1172 ) ;
#2180 = EDGE_CURVE ( 'NONE', #2315, #1565, #1042, .T. ) ;
#2181 = EDGE_LOOP ( 'NONE', ( #738, #429, #251, #598, #727, #1823, #841, #636 ) ) ;
#2182 = CARTESIAN_POINT ( 'NONE',  ( 0.6999999999999999556, 0.1000000000000001860, 0.8500000000000000888 ) ) ;
#2183 = CARTESIAN_POINT ( 'NONE',  ( -1.200000000000000178, -0.09999999999999982514, 0.7000000000000000666 ) ) ;
#2184 = CARTESIAN_POINT ( 'NONE',  ( -0.5971879788831718772, 0.5100000000000000089, 0.2219119983836046750 ) ) ;
#2185 = FILL_AREA_STYLE_COLOUR ( '', #1550 ) ;
#2186 = MECHANICAL_DESIGN_GEOMETRIC_PRESENTATION_REPRESENTATION (  '', ( #1766 ), #2092 ) ;
#2187 = FACE_OUTER_BOUND ( 'NONE', #1917, .T. ) ;
#2188 = PLANE ( 'NONE',  #2497 ) ;
#2189 = ADVANCED_FACE ( 'NONE', ( #949 ), #1254, .F. ) ;
#2190 = FILL_AREA_STYLE ('',( #1977 ) ) ;
#2191 =( NAMED_UNIT ( * ) SI_UNIT ( $, .STERADIAN. ) SOLID_ANGLE_UNIT ( ) );
#2192 = LINE ( 'NONE', #2333, #2689 ) ;
#2193 = CARTESIAN_POINT ( 'NONE',  ( -1.520024500000000556, -0.1000000000000001721, 0.7000000000000000666 ) ) ;
#2194 = DIRECTION ( 'NONE',  ( 0.0000000000000000000, -0.0000000000000000000, -1.000000000000000000 ) ) ;
#2195 = COLOUR_RGB ( '',0.6470588235294117974, 0.6196078431372549211, 0.5882352941176470784 ) ;
#2196 = EDGE_CURVE ( 'NONE', #1824, #2540, #2313, .T. ) ;
#2197 = FILL_AREA_STYLE ('',( #1460 ) ) ;
#2198 = CARTESIAN_POINT ( 'NONE',  ( 0.2500000000000000000, -0.4100000000000001976, -1.090000000000000080 ) ) ;
#2199 = LINE ( 'NONE', #1624, #2691 ) ;
#2200 = B_SPLINE_CURVE_WITH_KNOTS ( 'NONE', 3,
 ( #115, #1535, #1991, #859, #2360 ),
 .UNSPECIFIED., .F., .F.,
 ( 4, 1, 4 ),
 ( 0.0000000000000000000, 0.5000000000000027756, 0.9999834152823866562 ),
 .UNSPECIFIED. ) ;
#2201 = DIRECTION ( 'NONE',  ( 0.0000000000000000000, -1.000000000000000000, 0.0000000000000000000 ) ) ;
#2202 = LINE ( 'NONE', #816, #593 ) ;
#2203 = ADVANCED_FACE ( 'NONE', ( #1319 ), #1054, .F. ) ;
#2204 = LINE ( 'NONE', #509, #2131 ) ;
#2205 = ORIENTED_EDGE ( 'NONE', *, *, #1214, .T. ) ;
#2206 = PLANE ( 'NONE',  #232 ) ;
#2207 = CARTESIAN_POINT ( 'NONE',  ( 0.2169346172706536902, 0.5100000000000000089, 0.2090914855630694180 ) ) ;
#2208 = CARTESIAN_POINT ( 'NONE',  ( -0.2500000000000000000, -0.6100000000000002087, -0.9630788914346360974 ) ) ;
#2209 = ORIENTED_EDGE ( 'NONE', *, *, #2558, .T. ) ;
#2210 = ORIENTED_EDGE ( 'NONE', *, *, #2258, .T. ) ;
#2211 =( NAMED_UNIT ( * ) PLANE_ANGLE_UNIT ( ) SI_UNIT ( $, .RADIAN. ) );
#2212 = ORIENTED_EDGE ( 'NONE', *, *, #1177, .T. ) ;
#2213 = CARTESIAN_POINT ( 'NONE',  ( 0.03934043707242441956, 0.5100000000000000089, -0.2021306536086543981 ) ) ;
#2214 = VERTEX_POINT ( 'NONE', #1490 ) ;
#2215 =( NAMED_UNIT ( * ) PLANE_ANGLE_UNIT ( ) SI_UNIT ( $, .RADIAN. ) );
#2216 = ORIENTED_EDGE ( 'NONE', *, *, #1557, .F. ) ;
#2217 =( NAMED_UNIT ( * ) SI_UNIT ( $, .STERADIAN. ) SOLID_ANGLE_UNIT ( ) );
#2218 = DIRECTION ( 'NONE',  ( -1.000000000000000000, -0.0000000000000000000, -0.0000000000000000000 ) ) ;
#2219 = PLANE ( 'NONE',  #2387 ) ;
#2220 = LINE ( 'NONE', #1644, #1678 ) ;
#2221 = MECHANICAL_DESIGN_GEOMETRIC_PRESENTATION_REPRESENTATION (  '', ( #1800 ), #2353 ) ;
#2222 = CARTESIAN_POINT ( 'NONE',  ( 0.5837682436017916920, 0.5100000000000000089, 0.1577001790409927329 ) ) ;
#2223 = EDGE_CURVE ( 'NONE', #1179, #250, #1677, .T. ) ;
#2224 = PRESENTATION_STYLE_ASSIGNMENT (( #39 ) ) ;
#2225 =( LENGTH_UNIT ( ) NAMED_UNIT ( * ) SI_UNIT ( .MILLI., .METRE. ) );
#2226 = COLOUR_RGB ( '',0.6470588235294117974, 0.6196078431372549211, 0.5882352941176470784 ) ;
#2227 = SURFACE_SIDE_STYLE ('',( #216 ) ) ;
#2228 = UNCERTAINTY_MEASURE_WITH_UNIT (LENGTH_MEASURE( 1.000000000000000082E-05 ), #1719, 'distance_accuracy_value', 'NONE');
#2229 = CARTESIAN_POINT ( 'NONE',  ( -1.520055000000000378, 0.5100000000000001199, -0.6277059379095324410 ) ) ;
#2230 = DIRECTION ( 'NONE',  ( 0.0000000000000000000, -0.4257970363298793082, -0.9048187022009942515 ) ) ;
#2231 = CARTESIAN_POINT ( 'NONE',  ( 0.6999999999999999556, -0.6100000000000002087, 1.240000000000000213 ) ) ;
#2232 = VECTOR ( 'NONE', #821, 1000.000000000000000 ) ;
#2233 = PLANE ( 'NONE',  #2121 ) ;
#2234 = CARTESIAN_POINT ( 'NONE',  ( -1.520000000000000684, -0.1000000000000000472, -0.7000000000000002887 ) ) ;
#2235 = EDGE_CURVE ( 'NONE', #2594, #1634, #2721, .T. ) ;
#2236 = SURFACE_SIDE_STYLE ('',( #2042 ) ) ;
#2237 = DIRECTION ( 'NONE',  ( 0.0000000000000000000, -0.0000000000000000000, -1.000000000000000000 ) ) ;
#2238 = PRESENTATION_STYLE_ASSIGNMENT (( #898 ) ) ;
#2239 = UNCERTAINTY_MEASURE_WITH_UNIT (LENGTH_MEASURE( 1.000000000000000082E-05 ), #1051, 'distance_accuracy_value', 'NONE');
#2240 = DIRECTION ( 'NONE',  ( 0.0000000000000000000, 0.0000000000000000000, -1.000000000000000000 ) ) ;
#2241 = PRESENTATION_LAYER_ASSIGNMENT (  '', '', ( #1957 ) ) ;
#2242 = COLOUR_RGB ( '',0.6470588235294117974, 0.6196078431372549211, 0.5882352941176470784 ) ;
#2243 = AXIS2_PLACEMENT_3D ( 'NONE', #1182, #2634, #1393 ) ;
#2244 = ORIENTED_EDGE ( 'NONE', *, *, #1493, .F. ) ;
#2245 = DIRECTION ( 'NONE',  ( 0.1710878697460292419, 0.9702875252478162516, -0.1710878697460287423 ) ) ;
#2246 = LINE ( 'NONE', #753, #283 ) ;
#2247 = ORIENTED_EDGE ( 'NONE', *, *, #496, .T. ) ;
#2248 = CARTESIAN_POINT ( 'NONE',  ( -1.200000000000000178, -0.4100000000000001976, 1.090000000000000080 ) ) ;
#2249 = SURFACE_SIDE_STYLE ('',( #229 ) ) ;
#2250 = VERTEX_POINT ( 'NONE', #2742 ) ;
#2251 = VERTEX_POINT ( 'NONE', #1499 ) ;
#2252 = CLOSED_SHELL ( 'NONE', ( #2362, #2572, #2409, #473, #482, #910, #1956, #2174, #1967, #1765 ) ) ;
#2253 = EDGE_LOOP ( 'NONE', ( #1679, #1532, #2475, #2686 ) ) ;
#2254 = CARTESIAN_POINT ( 'NONE',  ( 1.520000000000000684, 0.1000000000000000056, -0.7000000000000000666 ) ) ;
#2255 =( LENGTH_UNIT ( ) NAMED_UNIT ( * ) SI_UNIT ( .MILLI., .METRE. ) );
#2256 = ORIENTED_EDGE ( 'NONE', *, *, #2599, .F. ) ;
#2257 = EDGE_CURVE ( 'NONE', #2505, #802, #1064, .T. ) ;
#2258 = EDGE_CURVE ( 'NONE', #1240, #1534, #2156, .T. ) ;
#2259 = LINE ( 'NONE', #2118, #808 ) ;
#2260 = PLANE ( 'NONE',  #120 ) ;
#2261 = DIRECTION ( 'NONE',  ( -1.000000000000000000, -0.0000000000000000000, -0.0000000000000000000 ) ) ;
#2262 = STYLED_ITEM ( 'NONE', ( #2117 ), #2596 ) ;
#2263 =( GEOMETRIC_REPRESENTATION_CONTEXT ( 3 ) GLOBAL_UNCERTAINTY_ASSIGNED_CONTEXT ( ( #94 ) ) GLOBAL_UNIT_ASSIGNED_CONTEXT ( ( #1757, #1773, #969 ) ) REPRESENTATION_CONTEXT ( 'NONE', 'WORKASPACE' ) );
#2264 = PRESENTATION_STYLE_ASSIGNMENT (( #258 ) ) ;
#2265 = CARTESIAN_POINT ( 'NONE',  ( 0.2500000000000000000, -0.4100000000000001976, -1.090000000000000080 ) ) ;
#2266 = SURFACE_SIDE_STYLE ('',( #730 ) ) ;
#2267 = SURFACE_STYLE_FILL_AREA ( #986 ) ;
#2268 = CARTESIAN_POINT ( 'NONE',  ( 0.2500000000000000000, -0.6100000000000002087, -1.240000000000000213 ) ) ;
#2269 = CARTESIAN_POINT ( 'NONE',  ( -0.2028570493960005772, 0.5100000000000000089, 0.1706299471015247926 ) ) ;
#2270 = DIRECTION ( 'NONE',  ( 1.000000000000000000, 0.0000000000000000000, 0.0000000000000000000 ) ) ;
#2271 = VECTOR ( 'NONE', #2245, 1000.000000000000000 ) ;
#2272 = CARTESIAN_POINT ( 'NONE',  ( 0.6925756429116789459, 0.5100000000000000089, 0.06716440222975192387 ) ) ;
#2273 = PLANE ( 'NONE',  #1836 ) ;
#2274 = PRESENTATION_LAYER_ASSIGNMENT (  '', '', ( #1985 ) ) ;
#2275 = DIRECTION ( 'NONE',  ( 0.0000000000000000000, 0.0000000000000000000, 1.000000000000000000 ) ) ;
#2276 = PRESENTATION_LAYER_ASSIGNMENT (  '', '', ( #1986 ) ) ;
#2277 = EDGE_CURVE ( 'NONE', #47, #2292, #1617, .T. ) ;
#2278 = UNCERTAINTY_MEASURE_WITH_UNIT (LENGTH_MEASURE( 1.000000000000000082E-05 ), #107, 'distance_accuracy_value', 'NONE');
#2279 = B_SPLINE_CURVE_WITH_KNOTS ( 'NONE', 3,
 ( #2448, #993, #1419, #116, #1625 ),
 .UNSPECIFIED., .F., .F.,
 ( 4, 1, 4 ),
 ( 0.0000000000000000000, 0.4999999999999987788, 0.9999885325135394742 ),
 .UNSPECIFIED. ) ;
#2280 = ORIENTED_EDGE ( 'NONE', *, *, #1511, .T. ) ;
#2281 = DIRECTION ( 'NONE',  ( 0.0000000000000000000, 0.1736481776669235588, -0.9848077530122093526 ) ) ;
#2282 = CARTESIAN_POINT ( 'NONE',  ( -0.07701572794077392314, 0.5100000000000000089, -0.02211603880651484555 ) ) ;
#2283 = ORIENTED_EDGE ( 'NONE', *, *, #2338, .T. ) ;
#2284 = CARTESIAN_POINT ( 'NONE',  ( 0.0000000000000000000, 0.5100000000000000089, 0.0000000000000000000 ) ) ;
#2285 = VERTEX_POINT ( 'NONE', #2532 ) ;
#2286 = ORIENTED_EDGE ( 'NONE', *, *, #2384, .T. ) ;
#2287 =( NAMED_UNIT ( * ) PLANE_ANGLE_UNIT ( ) SI_UNIT ( $, .RADIAN. ) );
#2288 = CARTESIAN_POINT ( 'NONE',  ( 0.07719102752706756554, 0.5100000000000000089, -0.1370623605907849984 ) ) ;
#2289 = COLOUR_RGB ( '',0.6470588235294117974, 0.6196078431372549211, 0.5882352941176470784 ) ;
#2290 = EDGE_LOOP ( 'NONE', ( #152, #256, #571, #2739 ) ) ;
#2291 = CARTESIAN_POINT ( 'NONE',  ( 1.200000000000000178, 0.1000000000000001860, 0.8500000000000000888 ) ) ;
#2292 = VERTEX_POINT ( 'NONE', #1289 ) ;
#2293 = CARTESIAN_POINT ( 'NONE',  ( 1.200000000000000178, -0.09999999999999982514, 0.7000000000000000666 ) ) ;
#2294 = EDGE_CURVE ( 'NONE', #1753, #370, #2094, .T. ) ;
#2295 = FILL_AREA_STYLE ('',( #1937 ) ) ;
#2296 = AXIS2_PLACEMENT_3D ( 'NONE', #1244, #1280, #1209 ) ;
#2297 =( GEOMETRIC_REPRESENTATION_CONTEXT ( 3 ) GLOBAL_UNCERTAINTY_ASSIGNED_CONTEXT ( ( #1010 ) ) GLOBAL_UNIT_ASSIGNED_CONTEXT ( ( #2255, #202, #2737 ) ) REPRESENTATION_CONTEXT ( 'NONE', 'WORKASPACE' ) );
#2298 = FILL_AREA_STYLE_COLOUR ( '', #380 ) ;
#2299 = SURFACE_STYLE_FILL_AREA ( #1670 ) ;
#2300 = CARTESIAN_POINT ( 'NONE',  ( -0.3252060366970358496, 0.5100000000000000089, -0.1095845920961350389 ) ) ;
#2301 = DIRECTION ( 'NONE',  ( 0.0000000000000000000, -1.000000000000000000, 0.0000000000000000000 ) ) ;
#2302 = PRESENTATION_STYLE_ASSIGNMENT (( #266 ) ) ;
#2303 = DIRECTION ( 'NONE',  ( -1.000000000000000000, -0.0000000000000000000, -0.0000000000000000000 ) ) ;
#2304 = CARTESIAN_POINT ( 'NONE',  ( 0.1201597775270697166, 0.5100000000000000089, 0.1578094342810142658 ) ) ;
#2305 = SURFACE_STYLE_FILL_AREA ( #1249 ) ;
#2306 = UNCERTAINTY_MEASURE_WITH_UNIT (LENGTH_MEASURE( 1.000000000000000082E-05 ), #2700, 'distance_accuracy_value', 'NONE');
#2307 = DIRECTION ( 'NONE',  ( 0.0000000000000000000, -1.000000000000000000, 0.0000000000000000000 ) ) ;
#2308 =( NAMED_UNIT ( * ) SI_UNIT ( $, .STERADIAN. ) SOLID_ANGLE_UNIT ( ) );
#2309 = MECHANICAL_DESIGN_GEOMETRIC_PRESENTATION_REPRESENTATION (  '', ( #1887 ), #2450 ) ;
#2310 =( NAMED_UNIT ( * ) PLANE_ANGLE_UNIT ( ) SI_UNIT ( $, .RADIAN. ) );
#2311 = MECHANICAL_DESIGN_GEOMETRIC_PRESENTATION_REPRESENTATION (  '', ( #1889 ), #2451 ) ;
#2312 = VERTEX_POINT ( 'NONE', #1086 ) ;
#2313 = B_SPLINE_CURVE_WITH_KNOTS ( 'NONE', 3,
 ( #2304, #837, #1270, #2724, #1483 ),
 .UNSPECIFIED., .F., .F.,
 ( 4, 1, 4 ),
 ( 0.0000000000000000000, 0.5000000000000022204, 0.9999884751298064867 ),
 .UNSPECIFIED. ) ;
#2314 =( NAMED_UNIT ( * ) SI_UNIT ( $, .STERADIAN. ) SOLID_ANGLE_UNIT ( ) );
#2315 = VERTEX_POINT ( 'NONE', #1715 ) ;
#2316 = CARTESIAN_POINT ( 'NONE',  ( 0.6575094013816313865, 0.5100000000000000089, 0.2018920832216568040 ) ) ;
#2317 = VERTEX_POINT ( 'NONE', #2749 ) ;
#2318 = VECTOR ( 'NONE', #944, 1000.000000000000000 ) ;
#2319 = EDGE_LOOP ( 'NONE', ( #776, #490, #2605, #82, #943, #1403, #464, #2536, #1052, #1014, #729, #1665 ) ) ;
#2320 = DIRECTION ( 'NONE',  ( -1.000000000000000000, 0.0000000000000000000, 0.0000000000000000000 ) ) ;
#2321 = SURFACE_STYLE_FILL_AREA ( #2619 ) ;
#2322 = CARTESIAN_POINT ( 'NONE',  ( 1.519999999999999352, 0.5100000000000000089, -0.7000000000000000666 ) ) ;
#2323 = CARTESIAN_POINT ( 'NONE',  ( -0.2277642084364418784, 0.5100000000000000089, -0.3005323328942247629 ) ) ;
#2324 = EDGE_LOOP ( 'NONE', ( #432, #2701, #1417, #144 ) ) ;
#2325 = CARTESIAN_POINT ( 'NONE',  ( -1.520055000000000378, -0.5100000000000001199, -0.6277059379095325520 ) ) ;
#2326 = AXIS2_PLACEMENT_3D ( 'NONE', #1754, #2702, #2472 ) ;
#2327 = EDGE_CURVE ( 'NONE', #2594, #295, #1486, .T. ) ;
#2328 = COLOUR_RGB ( '',0.6470588235294117974, 0.6196078431372549211, 0.5882352941176470784 ) ;
#2329 = PLANE ( 'NONE',  #634 ) ;
#2330 = PLANE ( 'NONE',  #2681 ) ;
#2331 = LINE ( 'NONE', #395, #1446 ) ;
#2332 = CARTESIAN_POINT ( 'NONE',  ( 1.200000000000000178, -0.09999999999999982514, 0.7000000000000000666 ) ) ;
#2333 = CARTESIAN_POINT ( 'NONE',  ( -1.520000000000000684, 0.1000000000000000056, -0.7000000000000000666 ) ) ;
#2334 = FILL_AREA_STYLE ('',( #1513 ) ) ;
#2335 = DIRECTION ( 'NONE',  ( 0.0000000000000000000, -0.0000000000000000000, 1.000000000000000000 ) ) ;
#2336 = B_SPLINE_CURVE_WITH_KNOTS ( 'NONE', 3,
 ( #2288, #661, #168, #1505, #854 ),
 .UNSPECIFIED., .F., .F.,
 ( 4, 1, 4 ),
 ( 0.0000000000000000000, 0.4450758338841846462, 0.9999969441531137981 ),
 .UNSPECIFIED. ) ;
#2337 = ORIENTED_EDGE ( 'NONE', *, *, #1035, .T. ) ;
#2338 = EDGE_CURVE ( 'NONE', #2574, #1849, #410, .T. ) ;
#2339 = ORIENTED_EDGE ( 'NONE', *, *, #2106, .T. ) ;
#2340 = COLOUR_RGB ( '',0.2509803921568627416, 0.2509803921568627416, 0.2509803921568627416 ) ;
#2341 = ORIENTED_EDGE ( 'NONE', *, *, #1106, .T. ) ;
#2342 = EDGE_LOOP ( 'NONE', ( #2642, #406, #2474, #934 ) ) ;
#2343 = DIRECTION ( 'NONE',  ( 0.1736481776669238086, 0.9848077530122092416, 0.0000000000000000000 ) ) ;
#2344 = CARTESIAN_POINT ( 'NONE',  ( -1.520000000000000684, -0.1000000000000000056, -0.7000000000000000666 ) ) ;
#2345 = STYLED_ITEM ( 'NONE', ( #486 ), #500 ) ;
#2346 = ORIENTED_EDGE ( 'NONE', *, *, #1458, .T. ) ;
#2347 = DIRECTION ( 'NONE',  ( 0.0000000000000000000, -0.0000000000000000000, -1.000000000000000000 ) ) ;
#2348 = CARTESIAN_POINT ( 'NONE',  ( -1.520055000000000378, 0.5100000000000000089, 0.6277059379095324410 ) ) ;
#2349 = DIRECTION ( 'NONE',  ( 0.0000000000000000000, -1.000000000000000000, 0.0000000000000000000 ) ) ;
#2350 = SURFACE_STYLE_USAGE ( .BOTH. , #883 ) ;
#2351 = COLOUR_RGB ( '',0.6470588235294117974, 0.6196078431372549211, 0.5882352941176470784 ) ;
#2352 = SURFACE_STYLE_FILL_AREA ( #412 ) ;
#2353 =( GEOMETRIC_REPRESENTATION_CONTEXT ( 3 ) GLOBAL_UNCERTAINTY_ASSIGNED_CONTEXT ( ( #198 ) ) GLOBAL_UNIT_ASSIGNED_CONTEXT ( ( #2101, #845, #2314 ) ) REPRESENTATION_CONTEXT ( 'NONE', 'WORKASPACE' ) );
#2354 = STYLED_ITEM ( 'NONE', ( #417 ), #1542 ) ;
#2355 = STYLED_ITEM ( 'NONE', ( #303 ), #54 ) ;
#2356 = FACE_OUTER_BOUND ( 'NONE', #93, .T. ) ;
#2357 = CARTESIAN_POINT ( 'NONE',  ( 0.6989858993219409955, 0.5100000000000000089, -0.1670102772574368066 ) ) ;
#2358 = COLOUR_RGB ( '',0.2509803921568627416, 0.2509803921568627416, 0.2509803921568627416 ) ;
#2359 = CARTESIAN_POINT ( 'NONE',  ( 0.5401317326552718123, 0.5100000000000000089, -0.2909085144369331632 ) ) ;
#2360 = CARTESIAN_POINT ( 'NONE',  ( 0.4874474377834802086, 0.5100000000000000089, -0.07937005289846703338 ) ) ;
#2361 = CARTESIAN_POINT ( 'NONE',  ( -0.6984499981139644653, 0.5100000000000000089, -0.04090851443688627714 ) ) ;
#2362 = ADVANCED_FACE ( 'NONE', ( #991 ), #441, .F. ) ;
#2363 = ORIENTED_EDGE ( 'NONE', *, *, #1214, .F. ) ;
#2364 = COLOUR_RGB ( '',0.6470588235294117974, 0.6196078431372549211, 0.5882352941176470784 ) ;
#2365 = DIRECTION ( 'NONE',  ( -0.0000000000000000000, 0.0000000000000000000, 1.000000000000000000 ) ) ;
#2366 = CARTESIAN_POINT ( 'NONE',  ( 1.200000000000000178, -0.4100000000000001976, 1.090000000000000080 ) ) ;
#2367 = VERTEX_POINT ( 'NONE', #1305 ) ;
#2368 = STYLED_ITEM ( 'NONE', ( #1465 ), #1127 ) ;
#2369 = EDGE_CURVE ( 'NONE', #2607, #463, #25, .T. ) ;
#2370 = EDGE_LOOP ( 'NONE', ( #2006, #767, #1711, #321, #664 ) ) ;
#2371 = CARTESIAN_POINT ( 'NONE',  ( -0.6471679468319450068, 0.5100000000000000089, -0.2909085144368850906 ) ) ;
#2372 = DIRECTION ( 'NONE',  ( -0.0000000000000000000, -0.0000000000000000000, -1.000000000000000000 ) ) ;
#2373 = CARTESIAN_POINT ( 'NONE',  ( -1.520055000000000378, -0.5100000000000002309, 0.6277059379095323299 ) ) ;
#2374 = SURFACE_STYLE_USAGE ( .BOTH. , #1343 ) ;
#2375 = MECHANICAL_DESIGN_GEOMETRIC_PRESENTATION_REPRESENTATION (  '', ( #1957 ), #2517 ) ;
#2376 = PRESENTATION_LAYER_ASSIGNMENT (  '', '', ( #2099 ) ) ;
#2377 = EDGE_LOOP ( 'NONE', ( #1277, #2646, #2703, #23, #673, #1072, #1474 ) ) ;
#2378 = SURFACE_STYLE_FILL_AREA ( #1664 ) ;
#2379 = CARTESIAN_POINT ( 'NONE',  ( -0.5837665045242436124, 0.5100000000000000089, -0.2396264631548430668 ) ) ;
#2380 = ADVANCED_FACE ( 'NONE', ( #132 ), #2549, .F. ) ;
#2381 = CARTESIAN_POINT ( 'NONE',  ( 0.2744004596866881363, 0.5100000000000000089, -0.2940186676964061663 ) ) ;
#2382 =( LENGTH_UNIT ( ) NAMED_UNIT ( * ) SI_UNIT ( .MILLI., .METRE. ) );
#2383 = FACE_OUTER_BOUND ( 'NONE', #1607, .T. ) ;
#2384 = EDGE_CURVE ( 'NONE', #2565, #1240, #1925, .T. ) ;
#2385 = PRESENTATION_STYLE_ASSIGNMENT (( #146 ) ) ;
#2386 = CARTESIAN_POINT ( 'NONE',  ( -0.07732645145290070743, 0.5100000000000000089, -0.06384914432700530829 ) ) ;
#2387 = AXIS2_PLACEMENT_3D ( 'NONE', #1810, #551, #2013 ) ;
#2388 = DIRECTION ( 'NONE',  ( 0.0000000000000000000, -0.9048187022009942515, 0.4257970363298793082 ) ) ;
#2389 = SURFACE_STYLE_USAGE ( .BOTH. , #161 ) ;
#2390 = COLOUR_RGB ( '',0.6470588235294117974, 0.6196078431372549211, 0.5882352941176470784 ) ;
#2391 = DIRECTION ( 'NONE',  ( -0.0000000000000000000, 0.0000000000000000000, 1.000000000000000000 ) ) ;
#2392 = ADVANCED_FACE ( 'NONE', ( #815 ), #684, .F. ) ;
#2393 = SURFACE_STYLE_FILL_AREA ( #391 ) ;
#2394 = CARTESIAN_POINT ( 'NONE',  ( 0.03979786513390496522, 0.5100000000000000089, -0.1370623605907848042 ) ) ;
#2395 = CARTESIAN_POINT ( 'NONE',  ( 0.3528320531680888550, 0.5100000000000000089, 0.1834506265887155818 ) ) ;
#2396 = PRESENTATION_STYLE_ASSIGNMENT (( #1814 ) ) ;
#2397 = SURFACE_STYLE_USAGE ( .BOTH. , #937 ) ;
#2398 = COLOUR_RGB ( '',0.6470588235294117974, 0.6196078431372549211, 0.5882352941176470784 ) ;
#2399 = ORIENTED_EDGE ( 'NONE', *, *, #1023, .T. ) ;
#2400 = CARTESIAN_POINT ( 'NONE',  ( 0.5483448736809141133, 0.5100000000000000089, -0.2396264631548802593 ) ) ;
#2401 = DIRECTION ( 'NONE',  ( 0.0000000000000000000, 0.0000000000000000000, -1.000000000000000000 ) ) ;
#2402 = ORIENTED_EDGE ( 'NONE', *, *, #241, .F. ) ;
#2403 = VERTEX_POINT ( 'NONE', #2366 ) ;
#2404 = CARTESIAN_POINT ( 'NONE',  ( 0.6561989368034474301, 0.5100000000000000089, -0.07245545315237046646 ) ) ;
#2405 = CARTESIAN_POINT ( 'NONE',  ( 0.6514914332101792160, 0.5100000000000000089, -0.1508646246416102121 ) ) ;
#2406 = ORIENTED_EDGE ( 'NONE', *, *, #2693, .T. ) ;
#2407 = VERTEX_POINT ( 'NONE', #2158 ) ;
#2408 = MECHANICAL_DESIGN_GEOMETRIC_PRESENTATION_REPRESENTATION (  '', ( #1985 ), #2542 ) ;
#2409 = ADVANCED_FACE ( 'NONE', ( #612 ), #903, .F. ) ;
#2410 = MECHANICAL_DESIGN_GEOMETRIC_PRESENTATION_REPRESENTATION (  '', ( #1986 ), #2543 ) ;
#2411 = EDGE_CURVE ( 'NONE', #1174, #2712, #2498, .T. ) ;
#2412 = SURFACE_STYLE_FILL_AREA ( #2561 ) ;
#2413 = COLOUR_RGB ( '',0.2509803921568627416, 0.2509803921568627416, 0.2509803921568627416 ) ;
#2414 = VECTOR ( 'NONE', #522, 1000.000000000000000 ) ;
#2415 = ORIENTED_EDGE ( 'NONE', *, *, #2617, .F. ) ;
#2416 = CARTESIAN_POINT ( 'NONE',  ( -0.3581906295158814313, 0.5100000000000000089, 0.09869694538638167092 ) ) ;
#2417 = CARTESIAN_POINT ( 'NONE',  ( -0.03235270235668017552, 0.5100000000000000089, -0.06423458622866928813 ) ) ;
#2418 = FILL_AREA_STYLE ('',( #1999 ) ) ;
#2419 = ORIENTED_EDGE ( 'NONE', *, *, #496, .F. ) ;
#2420 = DIRECTION ( 'NONE',  ( -1.000000000000000000, -0.0000000000000000000, -0.0000000000000000000 ) ) ;
#2421 = DIRECTION ( 'NONE',  ( 0.0000000000000000000, -1.000000000000000000, 0.0000000000000000000 ) ) ;
#2422 = SURFACE_SIDE_STYLE ('',( #2511 ) ) ;
#2423 = PLANE ( 'NONE',  #2296 ) ;
#2424 = FILL_AREA_STYLE_COLOUR ( '', #1561 ) ;
#2425 = UNCERTAINTY_MEASURE_WITH_UNIT (LENGTH_MEASURE( 1.000000000000000082E-05 ), #1160, 'distance_accuracy_value', 'NONE');
#2426 = CARTESIAN_POINT ( 'NONE',  ( -1.520000000000000684, 0.5100000000000000089, -0.7000000000000000666 ) ) ;
#2427 = DIRECTION ( 'NONE',  ( 1.000000000000000000, -0.0000000000000000000, -0.0000000000000000000 ) ) ;
#2428 = EDGE_CURVE ( 'NONE', #1047, #1503, #1498, .T. ) ;
#2429 = SURFACE_SIDE_STYLE ('',( #2321 ) ) ;
#2430 =( NAMED_UNIT ( * ) SI_UNIT ( $, .STERADIAN. ) SOLID_ANGLE_UNIT ( ) );
#2431 = PRESENTATION_LAYER_ASSIGNMENT (  '', '', ( #2147 ) ) ;
#2432 = CARTESIAN_POINT ( 'NONE',  ( 0.3015500018860431397, 0.5100000000000000089, -0.1510847964882187922 ) ) ;
#2433 = SURFACE_STYLE_USAGE ( .BOTH. , #1192 ) ;
#2434 = PRESENTATION_STYLE_ASSIGNMENT (( #2635 ) ) ;
#2435 = PLANE ( 'NONE',  #2326 ) ;
#2436 = VECTOR ( 'NONE', #876, 1000.000000000000000 ) ;
#2437 = SURFACE_STYLE_USAGE ( .BOTH. , #31 ) ;
#2438 = ORIENTED_EDGE ( 'NONE', *, *, #1772, .T. ) ;
#2439 = EDGE_LOOP ( 'NONE', ( #334, #288, #868, #2570 ) ) ;
#2440 = SURFACE_SIDE_STYLE ('',( #2267 ) ) ;
#2441 = DIRECTION ( 'NONE',  ( 0.0000000000000000000, -1.000000000000000000, 0.0000000000000000000 ) ) ;
#2442 = VERTEX_POINT ( 'NONE', #1345 ) ;
#2443 = PRODUCT_DEFINITION_SHAPE ( 'NONE', 'NONE',  #2621 ) ;
#2444 = CARTESIAN_POINT ( 'NONE',  ( 0.5777919890655185409, 0.5100000000000000089, 0.2090914855630860436 ) ) ;
#2445 = VERTEX_POINT ( 'NONE', #1356 ) ;
#2446 = CARTESIAN_POINT ( 'NONE',  ( 0.6999999999999999556, 0.1000000000000001860, 0.7000000000000000666 ) ) ;
#2447 = DIRECTION ( 'NONE',  ( 1.000000000000000000, -0.0000000000000000000, -0.0000000000000000000 ) ) ;
#2448 = CARTESIAN_POINT ( 'NONE',  ( -0.7048602545242084183, 0.5100000000000000089, 0.08088635735798264947 ) ) ;
#2449 = STYLED_ITEM ( 'NONE', ( #2224 ), #2409 ) ;
#2450 =( GEOMETRIC_REPRESENTATION_CONTEXT ( 3 ) GLOBAL_UNCERTAINTY_ASSIGNED_CONTEXT ( ( #1720 ) ) GLOBAL_UNIT_ASSIGNED_CONTEXT ( ( #980, #2215, #967 ) ) REPRESENTATION_CONTEXT ( 'NONE', 'WORKASPACE' ) );
#2451 =( GEOMETRIC_REPRESENTATION_CONTEXT ( 3 ) GLOBAL_UNCERTAINTY_ASSIGNED_CONTEXT ( ( #1684 ) ) GLOBAL_UNIT_ASSIGNED_CONTEXT ( ( #1074, #2528, #1897 ) ) REPRESENTATION_CONTEXT ( 'NONE', 'WORKASPACE' ) );
#2452 = CARTESIAN_POINT ( 'NONE',  ( -0.7317063163919207414, 0.5100000000000000089, 0.1550245587330194852 ) ) ;
#2453 = CARTESIAN_POINT ( 'NONE',  ( 0.5401317326552718123, 0.5100000000000000089, -0.2909085144369331632 ) ) ;
#2454 = COLOUR_RGB ( '',0.2509803921568627416, 0.2509803921568627416, 0.2509803921568627416 ) ;
#2455 = CARTESIAN_POINT ( 'NONE',  ( -1.200000000000000178, -0.09999999999999982514, 0.7230788914346361063 ) ) ;
#2456 = SURFACE_STYLE_FILL_AREA ( #308 ) ;
#2457 =( NAMED_UNIT ( * ) PLANE_ANGLE_UNIT ( ) SI_UNIT ( $, .RADIAN. ) );
#2458 =( LENGTH_UNIT ( ) NAMED_UNIT ( * ) SI_UNIT ( .MILLI., .METRE. ) );
#2459 = VECTOR ( 'NONE', #2466, 1000.000000000000000 ) ;
#2460 = SURFACE_SIDE_STYLE ('',( #717 ) ) ;
#2461 = FACE_OUTER_BOUND ( 'NONE', #186, .T. ) ;
#2462 = CARTESIAN_POINT ( 'NONE',  ( 0.3464217967578378521, 0.5100000000000000089, -0.1550912067446278408 ) ) ;
#2463 = PRESENTATION_LAYER_ASSIGNMENT (  '', '', ( #2179 ) ) ;
#2464 = EDGE_CURVE ( 'NONE', #463, #220, #621, .T. ) ;
#2465 = DIRECTION ( 'NONE',  ( 0.0000000000000000000, 1.000000000000000000, 0.0000000000000000000 ) ) ;
#2466 = DIRECTION ( 'NONE',  ( -0.0000000000000000000, -0.0000000000000000000, 1.000000000000000000 ) ) ;
#2467 = SURFACE_SIDE_STYLE ('',( #2167 ) ) ;
#2468 = VECTOR ( 'NONE', #2372, 1000.000000000000000 ) ;
#2469 = ORIENTED_EDGE ( 'NONE', *, *, #150, .F. ) ;
#2470 = DIRECTION ( 'NONE',  ( -0.0000000000000000000, 0.0000000000000000000, -1.000000000000000000 ) ) ;
#2471 = ORIENTED_EDGE ( 'NONE', *, *, #1688, .F. ) ;
#2472 = DIRECTION ( 'NONE',  ( 0.0000000000000000000, -0.9048187022009942515, 0.4257970363298793082 ) ) ;
#2473 = CARTESIAN_POINT ( 'NONE',  ( 0.4425756429116857738, 0.5100000000000000089, -0.07662280015121565591 ) ) ;
#2474 = ORIENTED_EDGE ( 'NONE', *, *, #418, .F. ) ;
#2475 = ORIENTED_EDGE ( 'NONE', *, *, #2384, .F. ) ;
#2476 = ORIENTED_EDGE ( 'NONE', *, *, #2620, .T. ) ;
#2477 = CARTESIAN_POINT ( 'NONE',  ( -1.447705937909532947, 0.5100000000000001199, -0.6277059379095324410 ) ) ;
#2478 = EDGE_LOOP ( 'NONE', ( #2559, #1537, #188, #2406 ) ) ;
#2479 = CARTESIAN_POINT ( 'NONE',  ( 0.1460122525982942010, 0.5100000000000000089, 0.1578094342810149875 ) ) ;
#2480 = ORIENTED_EDGE ( 'NONE', *, *, #1251, .F. ) ;
#2481 = EDGE_CURVE ( 'NONE', #2214, #191, #1691, .T. ) ;
#2482 = DIRECTION ( 'NONE',  ( 0.0000000000000000000, 0.0000000000000000000, 1.000000000000000000 ) ) ;
#2483 = CARTESIAN_POINT ( 'NONE',  ( 0.2848833352193699819, 0.5100000000000000089, 0.2090914855630721381 ) ) ;
#2484 = SURFACE_STYLE_FILL_AREA ( #1116 ) ;
#2485 = AXIS2_PLACEMENT_3D ( 'NONE', #1873, #710, #1069 ) ;
#2486 = AXIS2_PLACEMENT_3D ( 'NONE', #377, #2697, #1575 ) ;
#2487 = VECTOR ( 'NONE', #2545, 1000.000000000000000 ) ;
#2488 = CARTESIAN_POINT ( 'NONE',  ( 0.4874474377834802086, 0.5100000000000000089, -0.07937005289846703338 ) ) ;
#2489 =( NAMED_UNIT ( * ) SI_UNIT ( $, .STERADIAN. ) SOLID_ANGLE_UNIT ( ) );
#2490 = UNCERTAINTY_MEASURE_WITH_UNIT (LENGTH_MEASURE( 1.000000000000000082E-05 ), #679, 'distance_accuracy_value', 'NONE');
#2491 = DIRECTION ( 'NONE',  ( 0.0000000000000000000, 0.9048187022009942515, -0.4257970363298793082 ) ) ;
#2492 = FACE_BOUND ( 'NONE', #392, .T. ) ;
#2493 = SURFACE_STYLE_FILL_AREA ( #1942 ) ;
#2494 = SURFACE_STYLE_FILL_AREA ( #2334 ) ;
#2495 = AXIS2_PLACEMENT_3D ( 'NONE', #55, #493, #1567 ) ;
#2496 = CARTESIAN_POINT ( 'NONE',  ( 0.3301824805185142875, 0.5100000000000000089, 0.2090914855630742197 ) ) ;
#2497 = AXIS2_PLACEMENT_3D ( 'NONE', #2146, #248, #2335 ) ;
#2498 = B_SPLINE_CURVE_WITH_KNOTS ( 'NONE', 3,
 ( #1134, #2379, #48, #1560, #270 ),
 .UNSPECIFIED., .F., .F.,
 ( 4, 1, 4 ),
 ( 0.0000000000000000000, 0.4999999999999996669, 0.9999970600706711288 ),
 .UNSPECIFIED. ) ;
#2499 = ORIENTED_EDGE ( 'NONE', *, *, #2524, .F. ) ;
#2500 = FILL_AREA_STYLE ('',( #2298 ) ) ;
#2501 = VERTEX_POINT ( 'NONE', #1570 ) ;
#2502 = CARTESIAN_POINT ( 'NONE',  ( -0.3266551263190863308, 0.5100000000000000089, -0.04090851443692499617 ) ) ;
#2503 = PRESENTATION_STYLE_ASSIGNMENT (( #2389 ) ) ;
#2504 = CARTESIAN_POINT ( 'NONE',  ( 0.5238723843646734268, 0.5100000000000000089, -0.2909085144369336629 ) ) ;
#2505 = VERTEX_POINT ( 'NONE', #70 ) ;
#2506 = CARTESIAN_POINT ( 'NONE',  ( 0.5513496813732148283, 0.5100000000000000089, 0.1578094342810316963 ) ) ;
#2507 = CARTESIAN_POINT ( 'NONE',  ( -0.04720821318943289879, 0.5100000000000000089, 0.09948167964031119637 ) ) ;
#2508 = ORIENTED_EDGE ( 'NONE', *, *, #344, .T. ) ;
#2509 = EDGE_LOOP ( 'NONE', ( #889, #1012, #1083, #1877 ) ) ;
#2510 = CARTESIAN_POINT ( 'NONE',  ( -0.6984499981139644653, 0.5100000000000000089, -0.04090851443688627714 ) ) ;
#2511 = SURFACE_STYLE_FILL_AREA ( #955 ) ;
#2512 = AXIS2_PLACEMENT_3D ( 'NONE', #1397, #759, #1238 ) ;
#2513 = EDGE_CURVE ( 'NONE', #1279, #736, #24, .T. ) ;
#2514 =( NAMED_UNIT ( * ) PLANE_ANGLE_UNIT ( ) SI_UNIT ( $, .RADIAN. ) );
#2515 = CARTESIAN_POINT ( 'NONE',  ( 0.5777919890655185409, 0.5100000000000000089, 0.2090914855630860436 ) ) ;
#2516 = ORIENTED_EDGE ( 'NONE', *, *, #1117, .F. ) ;
#2517 =( GEOMETRIC_REPRESENTATION_CONTEXT ( 3 ) GLOBAL_UNCERTAINTY_ASSIGNED_CONTEXT ( ( #777 ) ) GLOBAL_UNIT_ASSIGNED_CONTEXT ( ( #2048, #476, #1013 ) ) REPRESENTATION_CONTEXT ( 'NONE', 'WORKASPACE' ) );
#2518 = B_SPLINE_CURVE_WITH_KNOTS ( 'NONE', 3,
 ( #2269, #1019, #580, #1842, #360, #1639, #133 ),
 .UNSPECIFIED., .F., .F.,
 ( 4, 1, 1, 1, 4 ),
 ( 0.0000000000000000000, 0.2479254719764402148, 0.4969929798126044851, 0.7480953635916378630, 0.9999964898034832128 ),
 .UNSPECIFIED. ) ;
#2519 = PRESENTATION_STYLE_ASSIGNMENT (( #227 ) ) ;
#2520 = MECHANICAL_DESIGN_GEOMETRIC_PRESENTATION_REPRESENTATION (  '', ( #2099 ), #2665 ) ;
#2521 = CARTESIAN_POINT ( 'NONE',  ( 0.0000000000000000000, 0.5100000000000000089, 0.0000000000000000000 ) ) ;
#2522 = LINE ( 'NONE', #358, #913 ) ;
#2523 = DIRECTION ( 'NONE',  ( -0.0000000000000000000, -1.000000000000000000, -0.0000000000000000000 ) ) ;
#2524 = EDGE_CURVE ( 'NONE', #971, #16, #985, .T. ) ;
#2525 = DIRECTION ( 'NONE',  ( 1.000000000000000000, -0.0000000000000000000, -0.0000000000000000000 ) ) ;
#2526 = PRESENTATION_LAYER_ASSIGNMENT (  '', '', ( #2262 ) ) ;
#2527 = SURFACE_STYLE_USAGE ( .BOTH. , #439 ) ;
#2528 =( NAMED_UNIT ( * ) PLANE_ANGLE_UNIT ( ) SI_UNIT ( $, .RADIAN. ) );
#2529 = STYLED_ITEM ( 'NONE', ( #2573 ), #306 ) ;
#2530 = ORIENTED_EDGE ( 'NONE', *, *, #2428, .T. ) ;
#2531 = EDGE_LOOP ( 'NONE', ( #1274, #1941, #1309, #2537 ) ) ;
#2532 = CARTESIAN_POINT ( 'NONE',  ( 0.6999999999999999556, -0.09999999999999982514, 0.7230788914346361063 ) ) ;
#2533 = ORIENTED_EDGE ( 'NONE', *, *, #1649, .F. ) ;
#2534 = COLOUR_RGB ( '',0.2509803921568627416, 0.2509803921568627416, 0.2509803921568627416 ) ;
#2535 = FILL_AREA_STYLE_COLOUR ( '', #379 ) ;
#2536 = ORIENTED_EDGE ( 'NONE', *, *, #1915, .F. ) ;
#2537 = ORIENTED_EDGE ( 'NONE', *, *, #989, .T. ) ;
#2538 = FACE_BOUND ( 'NONE', #1525, .T. ) ;
#2539 = SURFACE_STYLE_FILL_AREA ( #2011 ) ;
#2540 = VERTEX_POINT ( 'NONE', #291 ) ;
#2541 = DIRECTION ( 'NONE',  ( 0.0000000000000000000, -0.9048187022009942515, -0.4257970363298793082 ) ) ;
#2542 =( GEOMETRIC_REPRESENTATION_CONTEXT ( 3 ) GLOBAL_UNCERTAINTY_ASSIGNED_CONTEXT ( ( #411 ) ) GLOBAL_UNIT_ASSIGNED_CONTEXT ( ( #1657, #376, #1856 ) ) REPRESENTATION_CONTEXT ( 'NONE', 'WORKASPACE' ) );
#2543 =( GEOMETRIC_REPRESENTATION_CONTEXT ( 3 ) GLOBAL_UNCERTAINTY_ASSIGNED_CONTEXT ( ( #2490 ) ) GLOBAL_UNIT_ASSIGNED_CONTEXT ( ( #679, #90, #254 ) ) REPRESENTATION_CONTEXT ( 'NONE', 'WORKASPACE' ) );
#2544 = EDGE_CURVE ( 'NONE', #2292, #802, #408, .T. ) ;
#2545 = DIRECTION ( 'NONE',  ( -0.0000000000000000000, -0.0000000000000000000, 1.000000000000000000 ) ) ;
#2546 = PRESENTATION_STYLE_ASSIGNMENT (( #1341 ) ) ;
#2547 = SURFACE_STYLE_FILL_AREA ( #2500 ) ;
#2548 = VECTOR ( 'NONE', #556, 1000.000000000000000 ) ;
#2549 = PLANE ( 'NONE',  #1743 ) ;
#2550 = CARTESIAN_POINT ( 'NONE',  ( -1.200000000000000178, -0.09999999999999982514, 0.7230788914346361063 ) ) ;
#2551 = VECTOR ( 'NONE', #1222, 1000.000000000000000 ) ;
#2552 = SURFACE_STYLE_USAGE ( .BOTH. , #2722 ) ;
#2553 = CARTESIAN_POINT ( 'NONE',  ( -0.6255834115755173341, 0.5100000000000000089, -0.1738712548215063936 ) ) ;
#2554 = LINE ( 'NONE', #852, #1036 ) ;
#2555 = ORIENTED_EDGE ( 'NONE', *, *, #1831, .F. ) ;
#2556 = DIRECTION ( 'NONE',  ( 0.0000000000000000000, -0.0000000000000000000, -1.000000000000000000 ) ) ;
#2557 =( NAMED_UNIT ( * ) PLANE_ANGLE_UNIT ( ) SI_UNIT ( $, .RADIAN. ) );
#2558 = EDGE_CURVE ( 'NONE', #1699, #1438, #1217, .T. ) ;
#2559 = ORIENTED_EDGE ( 'NONE', *, *, #1987, .T. ) ;
#2560 = SURFACE_STYLE_USAGE ( .BOTH. , #1324 ) ;
#2561 = FILL_AREA_STYLE ('',( #1311 ) ) ;
#2562 = MECHANICAL_DESIGN_GEOMETRIC_PRESENTATION_REPRESENTATION (  '', ( #2147 ), #2715 ) ;
#2564 = UNCERTAINTY_MEASURE_WITH_UNIT (LENGTH_MEASURE( 1.000000000000000082E-05 ), #2382, 'distance_accuracy_value', 'NONE');
#2563 = STYLED_ITEM ( 'NONE', ( #99 ), #1956 ) ;
#2565 = VERTEX_POINT ( 'NONE', #2198 ) ;
#2566 = ORIENTED_EDGE ( 'NONE', *, *, #2464, .T. ) ;
#2567 = PRESENTATION_STYLE_ASSIGNMENT (( #2030 ) ) ;
#2568 = CARTESIAN_POINT ( 'NONE',  ( -0.6999999999999999556, 0.1000000000000001860, 0.7000000000000000666 ) ) ;
#2569 = SURFACE_SIDE_STYLE ('',( #2484 ) ) ;
#2570 = ORIENTED_EDGE ( 'NONE', *, *, #1524, .T. ) ;
#2571 = CARTESIAN_POINT ( 'NONE',  ( 0.1930764441937281028, 0.5100000000000000089, -0.2524469759754024434 ) ) ;
#2572 = ADVANCED_FACE ( 'NONE', ( #904 ), #76, .F. ) ;
#2573 = PRESENTATION_STYLE_ASSIGNMENT (( #1031 ) ) ;
#2574 = VERTEX_POINT ( 'NONE', #2208 ) ;
#2575 = CARTESIAN_POINT ( 'NONE',  ( 0.5171950339373254657, 0.5100000000000000089, -0.02808800161641270346 ) ) ;
#2576 = VECTOR ( 'NONE', #510, 1000.000000000000000 ) ;
#2577 = CARTESIAN_POINT ( 'NONE',  ( 0.2500000000000000000, -0.09999999999999982514, -0.7230788914346361063 ) ) ;
#2578 = SURFACE_SIDE_STYLE ('',( #442 ) ) ;
#2579 = FILL_AREA_STYLE ('',( #1126 ) ) ;
#2580 = VECTOR ( 'NONE', #1509, 1000.000000000000000 ) ;
#2581 = AXIS2_PLACEMENT_3D ( 'NONE', #471, #1947, #693 ) ;
#2582 = SURFACE_SIDE_STYLE ('',( #444 ) ) ;
#2583 = PRESENTATION_STYLE_ASSIGNMENT (( #1848 ) ) ;
#2584 = UNCERTAINTY_MEASURE_WITH_UNIT (LENGTH_MEASURE( 1.000000000000000082E-05 ), #401, 'distance_accuracy_value', 'NONE');
#2585 = VECTOR ( 'NONE', #2038, 1000.000000000000000 ) ;
#2586 = PLANE ( 'NONE',  #1197 ) ;
#2587 = ADVANCED_FACE ( 'NONE', ( #1218 ), #2219, .F. ) ;
#2588 = CARTESIAN_POINT ( 'NONE',  ( 0.3528320531680864680, 0.5100000000000000089, 0.2090914855630752467 ) ) ;
#2589 = PRESENTATION_STYLE_ASSIGNMENT (( #2552 ) ) ;
#2590 = SURFACE_STYLE_FILL_AREA ( #2022 ) ;
#2591 = CARTESIAN_POINT ( 'NONE',  ( 1.447705937909533169, -0.5100000000000002309, 0.6277059379095323299 ) ) ;
#2592 = FACE_OUTER_BOUND ( 'NONE', #2342, .T. ) ;
#2593 =( NAMED_UNIT ( * ) SI_UNIT ( $, .STERADIAN. ) SOLID_ANGLE_UNIT ( ) );
#2594 = VERTEX_POINT ( 'NONE', #324 ) ;
#2595 = VERTEX_POINT ( 'NONE', #2231 ) ;
#2596 = ADVANCED_FACE ( 'NONE', ( #440, #711, #1577 ), #761, .F. ) ;
#2597 = FACE_OUTER_BOUND ( 'NONE', #2370, .T. ) ;
#2598 = MECHANICAL_DESIGN_GEOMETRIC_PRESENTATION_REPRESENTATION (  '', ( #2179 ), #2745 ) ;
#2599 = EDGE_CURVE ( 'NONE', #438, #2136, #2279, .T. ) ;
#2600 = VERTEX_POINT ( 'NONE', #970 ) ;
#2601 = ORIENTED_EDGE ( 'NONE', *, *, #1158, .F. ) ;
#2602 = FILL_AREA_STYLE ('',( #766 ) ) ;
#2603 = PRESENTATION_STYLE_ASSIGNMENT (( #2612 ) ) ;
#2604 = CARTESIAN_POINT ( 'NONE',  ( -1.200000000000000178, -0.6100000000000002087, 1.240000000000000213 ) ) ;
#2605 = ORIENTED_EDGE ( 'NONE', *, *, #2620, .F. ) ;
#2606 =( LENGTH_UNIT ( ) NAMED_UNIT ( * ) SI_UNIT ( .MILLI., .METRE. ) );
#2607 = VERTEX_POINT ( 'NONE', #563 ) ;
#2608 = LINE ( 'NONE', #1398, #497 ) ;
#2609 = CARTESIAN_POINT ( 'NONE',  ( 0.6999999999999999556, -0.09999999999999982514, 0.7000000000000000666 ) ) ;
#2610 = CARTESIAN_POINT ( 'NONE',  ( 0.3528320531680901317, 0.5100000000000000089, 0.1578094342810225648 ) ) ;
#2611 =( NAMED_UNIT ( * ) PLANE_ANGLE_UNIT ( ) SI_UNIT ( $, .RADIAN. ) );
#2612 = SURFACE_STYLE_USAGE ( .BOTH. , #2001 ) ;
#2613 = DIRECTION ( 'NONE',  ( -0.0000000000000000000, -0.0000000000000000000, 1.000000000000000000 ) ) ;
#2614 = ADVANCED_FACE ( 'NONE', ( #810 ), #347, .F. ) ;
#2615 = CARTESIAN_POINT ( 'NONE',  ( 0.2500000000000000000, -0.4100000000000001976, -1.240000000000000213 ) ) ;
#2616 = VECTOR ( 'NONE', #858, 1000.000000000000000 ) ;
#2617 = EDGE_CURVE ( 'NONE', #2251, #2312, #21, .T. ) ;
#2618 = CARTESIAN_POINT ( 'NONE',  ( 0.4425756429116832202, 0.5100000000000000089, 0.06623434270593207829 ) ) ;
#2619 = FILL_AREA_STYLE ('',( #2004 ) ) ;
#2620 = EDGE_CURVE ( 'NONE', #2741, #981, #2059, .T. ) ;
#2621 = PRODUCT_DEFINITION ( 'UNKNOWN', '', #11, #225 ) ;
#2622 = CARTESIAN_POINT ( 'NONE',  ( -0.2745738752231003388, 0.5100000000000000089, 0.2125164592910758488 ) ) ;
#2623 = CARTESIAN_POINT ( 'NONE',  ( -0.3710172258159102898, 0.5100000000000000089, -0.06405789260573102606 ) ) ;
#2624 = PRESENTATION_LAYER_ASSIGNMENT (  '', '', ( #2345 ) ) ;
#2625 = COLOUR_RGB ( '',0.7921568627450980005, 0.8196078431372548767, 0.9333333333333333481 ) ;
#2626 = FILL_AREA_STYLE ('',( #213 ) ) ;
#2627 = DIRECTION ( 'NONE',  ( 0.0000000000000000000, -0.0000000000000000000, -1.000000000000000000 ) ) ;
#2628 = VECTOR ( 'NONE', #2427, 1000.000000000000000 ) ;
#2629 = DIRECTION ( 'NONE',  ( 0.0000000000000000000, 0.0000000000000000000, 1.000000000000000000 ) ) ;
#2630 = DIRECTION ( 'NONE',  ( 0.0000000000000000000, 0.9048187022009942515, -0.4257970363298793082 ) ) ;
#2631 =( LENGTH_UNIT ( ) NAMED_UNIT ( * ) SI_UNIT ( .MILLI., .METRE. ) );
#2632 = LINE ( 'NONE', #1732, #966 ) ;
#2633 = VERTEX_POINT ( 'NONE', #1205 ) ;
#2634 = DIRECTION ( 'NONE',  ( 1.000000000000000000, 0.0000000000000000000, -0.0000000000000000000 ) ) ;
#2635 = SURFACE_STYLE_USAGE ( .BOTH. , #1899 ) ;
#2636 = EDGE_LOOP ( 'NONE', ( #1303, #1308, #44, #2212 ) ) ;
#2637 =( LENGTH_UNIT ( ) NAMED_UNIT ( * ) SI_UNIT ( .MILLI., .METRE. ) );
#2638 = ORIENTED_EDGE ( 'NONE', *, *, #549, .F. ) ;
#2639 = CARTESIAN_POINT ( 'NONE',  ( -0.07897120798279874676, 0.5100000000000000089, -0.2445959704748737473 ) ) ;
#2640 = FACE_OUTER_BOUND ( 'NONE', #459, .T. ) ;
#2641 =( LENGTH_UNIT ( ) NAMED_UNIT ( * ) SI_UNIT ( .MILLI., .METRE. ) );
#2642 = ORIENTED_EDGE ( 'NONE', *, *, #209, .T. ) ;
#2643 = STYLED_ITEM ( 'NONE', ( #2519 ), #2362 ) ;
#2644 = PRESENTATION_LAYER_ASSIGNMENT (  '', '', ( #2354 ) ) ;
#2645 = PRESENTATION_LAYER_ASSIGNMENT (  '', '', ( #2355 ) ) ;
#2646 = ORIENTED_EDGE ( 'NONE', *, *, #1443, .T. ) ;
#2647 = CARTESIAN_POINT ( 'NONE',  ( -0.2043594532421892374, 0.5100000000000000089, -0.3037290272574404426 ) ) ;
#2648 = CARTESIAN_POINT ( 'NONE',  ( -0.4297556094513120262, 0.5100000000000000089, 0.1152213537300378760 ) ) ;
#2649 = FILL_AREA_STYLE ('',( #108 ) ) ;
#2650 =( NAMED_UNIT ( * ) SI_UNIT ( $, .STERADIAN. ) SOLID_ANGLE_UNIT ( ) );
#2651 = FILL_AREA_STYLE ('',( #983 ) ) ;
#2652 =( LENGTH_UNIT ( ) NAMED_UNIT ( * ) SI_UNIT ( .MILLI., .METRE. ) );
#2653 = FILL_AREA_STYLE_COLOUR ( '', #2413 ) ;
#2654 = SURFACE_STYLE_FILL_AREA ( #1791 ) ;
#2655 = VECTOR ( 'NONE', #2119, 1000.000000000000000 ) ;
#2656 =( NAMED_UNIT ( * ) PLANE_ANGLE_UNIT ( ) SI_UNIT ( $, .RADIAN. ) );
#2657 = LINE ( 'NONE', #765, #1489 ) ;
#2658 = PLANE ( 'NONE',  #1299 ) ;
#2659 = PRESENTATION_LAYER_ASSIGNMENT (  '', '', ( #2368 ) ) ;
#2660 = EDGE_CURVE ( 'NONE', #1015, #363, #2220, .T. ) ;
#2661 = SURFACE_SIDE_STYLE ('',( #59 ) ) ;
#2662 = FILL_AREA_STYLE_COLOUR ( '', #1922 ) ;
#2663 = SURFACE_STYLE_FILL_AREA ( #1555 ) ;
#2664 = CARTESIAN_POINT ( 'NONE',  ( -0.6225754512825698583, 0.5100000000000000089, 0.2186004604212807567 ) ) ;
#2665 =( GEOMETRIC_REPRESENTATION_CONTEXT ( 3 ) GLOBAL_UNCERTAINTY_ASSIGNED_CONTEXT ( ( #2086 ) ) GLOBAL_UNIT_ASSIGNED_CONTEXT ( ( #2225, #974, #2430 ) ) REPRESENTATION_CONTEXT ( 'NONE', 'WORKASPACE' ) );
#2666 = CARTESIAN_POINT ( 'NONE',  ( -0.2500000000000000000, -0.4100000000000001976, -1.090000000000000080 ) ) ;
#2667 = PRESENTATION_STYLE_ASSIGNMENT (( #1150 ) ) ;
#2668 = DIRECTION ( 'NONE',  ( -0.0000000000000000000, 1.000000000000000000, -0.0000000000000000000 ) ) ;
#2669 = FILL_AREA_STYLE ('',( #238 ) ) ;
#2670 =( NAMED_UNIT ( * ) SI_UNIT ( $, .STERADIAN. ) SOLID_ANGLE_UNIT ( ) );
#2671 = VERTEX_POINT ( 'NONE', #136 ) ;
#2672 = CARTESIAN_POINT ( 'NONE',  ( -0.3715269211908821534, 0.5100000000000000089, -0.04070819392410106319 ) ) ;
#2673 = CARTESIAN_POINT ( 'NONE',  ( -0.4676807673447230806, 0.5100000000000000089, 0.04382706248616041744 ) ) ;
#2674 = CARTESIAN_POINT ( 'NONE',  ( -1.520000000000000684, 0.5100000000000000089, -0.7000000000000000666 ) ) ;
#2675 = EDGE_CURVE ( 'NONE', #1534, #1979, #1729, .T. ) ;
#2676 = ORIENTED_EDGE ( 'NONE', *, *, #583, .F. ) ;
#2677 = PRESENTATION_STYLE_ASSIGNMENT (( #2730 ) ) ;
#2678 = CARTESIAN_POINT ( 'NONE',  ( 0.2920742457979103035, 0.5100000000000000089, -0.1822997487451991916 ) ) ;
#2679 = ORIENTED_EDGE ( 'NONE', *, *, #1702, .F. ) ;
#2680 = MECHANICAL_DESIGN_GEOMETRIC_PRESENTATION_REPRESENTATION (  '', ( #2262 ), #62 ) ;
#2681 = AXIS2_PLACEMENT_3D ( 'NONE', #1675, #1294, #2556 ) ;
#2682 = SURFACE_STYLE_FILL_AREA ( #2651 ) ;
#2683 = COLOUR_RGB ( '',0.6470588235294117974, 0.6196078431372549211, 0.5882352941176470784 ) ;
#2684 = DIRECTION ( 'NONE',  ( -0.0000000000000000000, -0.0000000000000000000, 1.000000000000000000 ) ) ;
#2685 = CARTESIAN_POINT ( 'NONE',  ( 0.6999999999999999556, 0.0000000000000000000, 0.0000000000000000000 ) ) ;
#2686 = ORIENTED_EDGE ( 'NONE', *, *, #1831, .T. ) ;
#2687 = CARTESIAN_POINT ( 'NONE',  ( 1.520002499999999479, -0.1000000000000001721, 0.7000000000000000666 ) ) ;
#2688 = SURFACE_STYLE_USAGE ( .BOTH. , #584 ) ;
#2689 = VECTOR ( 'NONE', #431, 1000.000000000000000 ) ;
#2690 = CARTESIAN_POINT ( 'NONE',  ( 0.2752746279544167618, 0.5100000000000000089, 0.1578094342810195672 ) ) ;
#2691 = VECTOR ( 'NONE', #2482, 1000.000000000000000 ) ;
#2692 = FILL_AREA_STYLE ('',( #2424 ) ) ;
#2693 = EDGE_CURVE ( 'NONE', #2748, #1634, #608, .T. ) ;
#2694 = FILL_AREA_STYLE ('',( #1651 ) ) ;
#2695 = LINE ( 'NONE', #2373, #2628 ) ;
#2696 = LINE ( 'NONE', #1122, #451 ) ;
#2697 = DIRECTION ( 'NONE',  ( 0.0000000000000000000, 1.000000000000000000, 0.0000000000000000000 ) ) ;
#2698 = FACE_OUTER_BOUND ( 'NONE', #800, .T. ) ;
#2699 = ORIENTED_EDGE ( 'NONE', *, *, #583, .T. ) ;
#2700 =( LENGTH_UNIT ( ) NAMED_UNIT ( * ) SI_UNIT ( .MILLI., .METRE. ) );
#2701 = ORIENTED_EDGE ( 'NONE', *, *, #507, .T. ) ;
#2702 = DIRECTION ( 'NONE',  ( 0.0000000000000000000, 0.4257970363298793082, 0.9048187022009942515 ) ) ;
#2703 = ORIENTED_EDGE ( 'NONE', *, *, #384, .T. ) ;
#2704 = VERTEX_POINT ( 'NONE', #2550 ) ;
#2705 = CARTESIAN_POINT ( 'NONE',  ( 0.6947034857490205217, 0.5100000000000000089, -0.1926450659397299647 ) ) ;
#2706 = ORIENTED_EDGE ( 'NONE', *, *, #210, .T. ) ;
#2707 = DIRECTION ( 'NONE',  ( 0.0000000000000000000, -0.0000000000000000000, -1.000000000000000000 ) ) ;
#2708 = CARTESIAN_POINT ( 'NONE',  ( 0.6925756429116789459, 0.5100000000000000089, 0.06716440222975192387 ) ) ;
#2709 = ORIENTED_EDGE ( 'NONE', *, *, #2675, .T. ) ;
#2710 = EDGE_CURVE ( 'NONE', #1168, #2600, #2711, .T. ) ;
#2711 = LINE ( 'NONE', #65, #1053 ) ;
#2712 = VERTEX_POINT ( 'NONE', #878 ) ;
#2713 = FILL_AREA_STYLE_COLOUR ( '', #1297 ) ;
#2714 = CARTESIAN_POINT ( 'NONE',  ( -0.1808036077462962243, 0.5100000000000000089, 0.2187539832693388975 ) ) ;
#2715 =( GEOMETRIC_REPRESENTATION_CONTEXT ( 3 ) GLOBAL_UNCERTAINTY_ASSIGNED_CONTEXT ( ( #2725 ) ) GLOBAL_UNIT_ASSIGNED_CONTEXT ( ( #1477, #1129, #1233 ) ) REPRESENTATION_CONTEXT ( 'NONE', 'WORKASPACE' ) );
#2716 = ORIENTED_EDGE ( 'NONE', *, *, #780, .T. ) ;
#2717 = B_SPLINE_CURVE_WITH_KNOTS ( 'NONE', 3,
 ( #1642, #1001, #1097, #19, #2124 ),
 .UNSPECIFIED., .F., .F.,
 ( 4, 1, 4 ),
 ( 0.0000000000000000000, 0.5000000000000014433, 0.9999968799999998659 ),
 .UNSPECIFIED. ) ;
#2718 = AXIS2_PLACEMENT_3D ( 'NONE', #1082, #786, #653 ) ;
#2719 = SURFACE_STYLE_USAGE ( .BOTH. , #1261 ) ;
#2720 = CARTESIAN_POINT ( 'NONE',  ( -0.5801607352934584627, 0.5100000000000000089, -0.1178315913599752435 ) ) ;
#2721 = LINE ( 'NONE', #2322, #1118 ) ;
#2722 = SURFACE_SIDE_STYLE ('',( #422 ) ) ;
#2723 = CARTESIAN_POINT ( 'NONE',  ( -0.4420397417037281174, 0.5100000000000000089, -0.2481734717018665437 ) ) ;
#2724 = CARTESIAN_POINT ( 'NONE',  ( 0.2244089498986748532, 0.5100000000000000089, 0.04654910860339564471 ) ) ;
#2725 = UNCERTAINTY_MEASURE_WITH_UNIT (LENGTH_MEASURE( 1.000000000000000082E-05 ), #1477, 'distance_accuracy_value', 'NONE');
#2726 = CARTESIAN_POINT ( 'NONE',  ( -0.6813559810199566469, 0.5100000000000000089, -0.1242418477702188356 ) ) ;
#2727 = PRESENTATION_LAYER_ASSIGNMENT (  '', '', ( #2449 ) ) ;
#2728 = DIRECTION ( 'NONE',  ( 0.0000000000000000000, 1.000000000000000000, 0.0000000000000000000 ) ) ;
#2729 = STYLED_ITEM ( 'NONE', ( #1120 ), #1750 ) ;
#2730 = SURFACE_STYLE_USAGE ( .BOTH. , #2037 ) ;
#2731 = STYLED_ITEM ( 'NONE', ( #831 ), #255 ) ;
#2732 = SURFACE_STYLE_FILL_AREA ( #938 ) ;
#2733 = B_SPLINE_CURVE_WITH_KNOTS ( 'NONE', 3,
 ( #2506, #1920, #1213, #888, #928 ),
 .UNSPECIFIED., .F., .F.,
 ( 4, 1, 4 ),
 ( 0.0000000000000000000, 0.5000000000000008882, 0.9999921755485763342 ),
 .UNSPECIFIED. ) ;
#2734 = DIRECTION ( 'NONE',  ( 0.0000000000000000000, -0.0000000000000000000, -1.000000000000000000 ) ) ;
#2735 = FILL_AREA_STYLE ('',( #830 ) ) ;
#2736 = ORIENTED_EDGE ( 'NONE', *, *, #917, .T. ) ;
#2737 =( NAMED_UNIT ( * ) SI_UNIT ( $, .STERADIAN. ) SOLID_ANGLE_UNIT ( ) );
#2738 = VERTEX_POINT ( 'NONE', #138 ) ;
#2739 = ORIENTED_EDGE ( 'NONE', *, *, #2294, .T. ) ;
#2740 = ORIENTED_EDGE ( 'NONE', *, *, #2660, .T. ) ;
#2741 = VERTEX_POINT ( 'NONE', #2571 ) ;
#2742 = CARTESIAN_POINT ( 'NONE',  ( -0.5945838122165095774, 0.5100000000000000089, 0.1706299471015544633 ) ) ;
#2743 = ORIENTED_EDGE ( 'NONE', *, *, #2025, .F. ) ;
#2744 = CARTESIAN_POINT ( 'NONE',  ( -1.520055000000000378, -0.09999999999999999167, -0.7000000000000002887 ) ) ;
#2745 =( GEOMETRIC_REPRESENTATION_CONTEXT ( 3 ) GLOBAL_UNCERTAINTY_ASSIGNED_CONTEXT ( ( #2239 ) ) GLOBAL_UNIT_ASSIGNED_CONTEXT ( ( #1051, #638, #2154 ) ) REPRESENTATION_CONTEXT ( 'NONE', 'WORKASPACE' ) );
#2746 = EDGE_CURVE ( 'NONE', #773, #2250, #1655, .T. ) ;
#2747 = SURFACE_STYLE_USAGE ( .BOTH. , #1441 ) ;
#2748 = VERTEX_POINT ( 'NONE', #1018 ) ;
#2749 = CARTESIAN_POINT ( 'NONE',  ( 1.447705937909532947, 0.5100000000000000089, 0.6277059379095324410 ) ) ;
#2750 = COLOUR_RGB ( '',0.6470588235294117974, 0.6196078431372549211, 0.5882352941176470784 ) ;
#2751 = DIRECTION ( 'NONE',  ( 1.000000000000000000, -0.0000000000000000000, -0.0000000000000000000 ) ) ;
ENDSEC;
END-ISO-10303-21;
